total_loc,blank_loc,comment_loc,code_and_comment_loc,executable_loc,unique_operands,unique_operators,total_operands,total_operators,halstead_vocabulary,halstead_length,halstead_volume,halstead_level,halstead_difficulty,halstead_effort,halstead_error,halstead_time,branch_count,decision_count,call_pairs,condition_count,multiple_condition_count,cyclomatic_complexity,cyclomatic_density,decision_density,design_complexity,design_density,normalized_cyclomatic_complexity,formal_parameters,Faultiness
7,0,4,0,3,8,6,10,12,14,22,58,0.27,3.7,214.81,0.02,11.93,0,0,0,0,0,1,0.33,0,0,0,0.14,0,FALSE
9,0,1,0,8,7,8,15,20,15,35,94,0.12,8.33,783.33,0.03,43.52,2,1,0,0,0,2,0.25,0,0,0,0.22,0,FALSE
21,0,14,1,7,15,12,21,36,27,57,187,0.12,8.33,1558.33,0.06,86.57,8,4,1,4,1,4,0.57,1,1,0.25,0.19,0,FALSE
30,0,11,0,19,16,18,50,70,34,120,423,0.04,25,10575,0.14,587.5,20,10,1,9,2,9,0.47,1.11,1,0.11,0.3,0,TRUE
8,0,2,0,6,4,5,5,10,9,15,32,0.32,3.13,100,0.01,5.56,2,1,1,1,0,2,0.33,1,1,0.5,0.25,0,FALSE
7,0,1,0,6,4,5,4,11,9,15,32,0.4,2.5,80,0.01,4.44,2,1,2,0,0,2,0.33,0,2,1,0.29,0,FALSE
22,0,5,0,17,15,9,38,50,24,88,279,0.09,11.11,3100,0.09,172.22,16,8,0,8,4,5,0.29,1,0,0,0.23,0,FALSE
32,0,10,0,22,19,9,26,46,28,72,239,0.16,6.25,1493.75,0.08,82.99,16,8,3,8,2,7,0.32,1,3,0.43,0.22,0,FALSE
14,0,5,0,9,13,8,22,30,21,52,158,0.15,6.67,1053.33,0.05,58.52,4,2,3,2,1,2,0.22,1,3,1.5,0.14,0,FALSE
9,0,1,0,8,8,8,10,18,16,28,77,0.2,5,385,0.03,21.39,4,2,0,2,0,3,0.38,1,0,0,0.33,0,FALSE
3,0,0,0,3,3,4,3,5,7,8,15,0.5,2,30,0.01,1.67,0,0,0,0,0,1,0.33,0,0,0,0.33,0,FALSE
8,0,0,0,8,7,7,8,14,14,22,58,0.25,4,232,0.02,12.89,4,2,0,2,1,2,0.25,1,0,0,0.25,1,FALSE
7,0,1,0,6,8,7,10,16,15,26,70,0.23,4.35,304.35,0.02,16.91,2,1,0,1,0,2,0.33,1,0,0,0.29,0,FALSE
45,0,16,0,29,22,11,40,65,33,105,367,0.1,10,3670,0.12,203.89,18,9,4,9,2,7,0.24,1,4,0.57,0.16,0,FALSE
10,0,5,1,5,6,5,7,16,11,23,55,0.34,2.94,161.76,0.02,8.99,6,3,3,3,1,3,0.6,1,3,1,0.3,0,FALSE
8,0,0,0,8,6,12,14,22,18,36,104,0.07,14.29,1485.71,0.03,82.54,2,1,0,0,0,2,0.25,0,0,0,0.25,1,FALSE
10,0,1,0,9,9,11,17,29,20,46,137,0.1,10,1370,0.05,76.11,2,1,3,0,0,2,0.22,0,3,1.5,0.2,1,FALSE
9,0,2,0,7,6,7,9,18,13,27,69,0.19,5.26,363.16,0.02,20.18,4,2,2,2,1,2,0.29,1,2,1,0.22,0,FALSE
6,0,0,0,6,9,7,21,23,16,44,121,0.12,8.33,1008.33,0.04,56.02,0,0,4,0,0,1,0.17,0,4,4,0.17,0,TRUE
6,0,0,0,6,9,9,22,32,18,54,156,0.09,11.11,1733.33,0.05,96.3,0,0,0,0,0,1,0.17,0,0,0,0.17,1,FALSE
8,0,3,0,5,5,4,5,9,9,14,30,0.5,2,60,0.01,3.33,0,0,3,0,0,1,0.2,0,3,3,0.13,0,FALSE
9,0,2,0,7,7,8,9,15,15,24,64,0.19,5.26,336.84,0.02,18.71,2,1,0,1,0,2,0.29,1,0,0,0.22,1,FALSE
21,0,2,0,19,16,8,36,47,24,83,263,0.11,9.09,2390.91,0.09,132.83,8,4,4,4,0,5,0.26,1,4,0.8,0.24,0,FALSE
7,0,0,0,7,8,4,8,11,12,19,47,0.5,2,94,0.02,5.22,0,0,1,0,0,1,0.14,0,1,1,0.14,0,FALSE
6,0,0,0,6,7,4,7,9,11,16,38,0.5,2,76,0.01,4.22,0,0,0,0,0,1,0.17,0,0,0,0.17,0,FALSE
13,0,0,0,13,12,9,25,30,21,55,167,0.11,9.09,1518.18,0.06,84.34,2,1,0,0,0,2,0.15,0,0,0,0.15,0,FALSE
20,0,0,0,20,12,6,13,26,18,39,112,0.31,3.23,361.29,0.04,20.07,10,5,0,5,1,4,0.2,1,0,0,0.2,1,FALSE
21,0,0,0,21,12,6,13,26,18,39,112,0.31,3.23,361.29,0.04,20.07,10,5,0,5,1,4,0.19,1,0,0,0.19,1,FALSE
22,0,6,0,16,14,7,20,33,21,53,161,0.2,5,805,0.05,44.72,10,5,0,5,1,4,0.25,1,0,0,0.18,1,FALSE
25,0,10,0,15,18,16,40,58,34,98,345,0.06,16.67,5750,0.12,319.44,14,7,1,6,1,7,0.47,1.17,1,0.14,0.28,0,FALSE
33,0,14,0,19,17,17,45,62,34,107,377,0.04,25,9425,0.13,523.61,12,6,2,5,1,6,0.32,1.2,2,0.33,0.18,0,FALSE
9,0,3,0,6,5,9,8,15,14,23,60,0.14,7.14,428.57,0.02,23.81,4,2,0,2,0,3,0.5,1,0,0,0.33,0,FALSE
4,0,0,0,4,3,5,4,6,8,10,20,0.3,3.33,66.67,0.01,3.7,0,0,0,0,0,1,0.25,0,0,0,0.25,1,FALSE
4,0,0,0,4,3,5,4,6,8,10,20,0.3,3.33,66.67,0.01,3.7,0,0,0,0,0,1,0.25,0,0,0,0.25,1,FALSE
3,0,0,0,3,3,5,4,6,8,10,20,0.3,3.33,66.67,0.01,3.7,0,0,0,0,0,1,0.33,0,0,0,0.33,1,FALSE
3,0,0,0,3,4,5,5,6,9,11,24,0.32,3.13,75,0.01,4.17,0,0,0,0,0,1,0.33,0,0,0,0.33,1,FALSE
3,0,0,0,3,4,5,5,6,9,11,24,0.32,3.13,75,0.01,4.17,0,0,0,0,0,1,0.33,0,0,0,0.33,1,FALSE
3,0,0,0,3,4,5,5,6,9,11,24,0.32,3.13,75,0.01,4.17,0,0,0,0,0,1,0.33,0,0,0,0.33,1,FALSE
11,0,1,0,10,9,12,17,25,21,42,127,0.09,11.11,1411.11,0.04,78.4,4,2,0,1,0,3,0.3,2,0,0,0.27,0,TRUE
35,0,29,0,6,31,7,35,40,38,75,272,0.25,4,1088,0.09,60.44,0,0,5,0,0,1,0.17,0,5,5,0.03,0,FALSE
22,0,9,1,13,13,13,27,47,26,74,241,0.07,14.29,3442.86,0.08,191.27,12,6,1,5,1,6,0.46,1.2,1,0.17,0.27,0,FALSE
10,0,2,0,8,8,11,14,24,19,38,111,0.1,10,1110,0.04,61.67,6,3,0,2,0,4,0.5,1.5,0,0,0.4,0,TRUE
21,0,7,0,14,11,9,25,39,20,64,191,0.1,10,1910,0.06,106.11,10,5,0,5,2,4,0.29,1,0,0,0.19,0,TRUE
21,0,5,0,16,17,11,40,50,28,90,299,0.08,12.5,3737.5,0.1,207.64,4,2,6,0,0,3,0.19,0,6,2,0.14,0,FALSE
10,0,3,0,7,9,7,16,18,16,34,94,0.16,6.25,587.5,0.03,32.64,0,0,2,0,0,1,0.14,0,2,2,0.1,1,FALSE
9,0,4,0,5,4,3,4,9,7,13,25,0.67,1.49,37.31,0.01,2.07,0,0,3,0,0,1,0.2,0,3,3,0.11,0,FALSE
19,0,7,0,12,15,9,19,31,24,50,158,0.18,5.56,877.78,0.05,48.77,10,5,2,5,2,4,0.33,1,2,0.5,0.21,0,TRUE
60,9,30,0,21,33,9,40,70,42,110,411,0.18,5.56,2283.33,0.14,126.85,10,5,19,4,1,5,0.24,1.25,19,3.8,0.08,0,FALSE
10,0,0,0,10,7,8,16,21,15,37,100,0.11,9.09,909.09,0.03,50.51,2,1,0,0,0,2,0.2,0,0,0,0.2,0,FALSE
19,1,4,0,14,10,8,15,27,18,42,121,0.17,5.88,711.76,0.04,39.54,4,2,5,1,0,3,0.21,2,5,1.67,0.16,0,FALSE
36,4,5,0,27,15,7,41,59,22,100,309,0.1,10,3090,0.1,171.67,10,5,11,0,0,6,0.22,0,11,1.83,0.17,0,FALSE
8,0,3,0,5,6,6,7,11,12,18,44,0.29,3.45,151.72,0.01,8.43,4,2,1,1,0,3,0.6,2,1,0.33,0.38,1,FALSE
3,0,0,0,3,1,2,1,3,3,4,4,1,1,4,0,0.22,0,0,0,0,0,1,0.33,0,0,0,0.33,0,FALSE
38,0,13,1,25,23,13,47,68,36,115,412,0.08,12.5,5150,0.14,286.11,10,5,9,3,1,5,0.2,1.67,9,1.8,0.13,0,FALSE
54,0,19,0,35,40,13,79,112,53,191,758,0.08,12.5,9475,0.25,526.39,24,12,4,9,1,11,0.31,1.33,4,0.36,0.2,0,FALSE
55,0,13,0,42,43,13,79,108,56,187,752,0.08,12.5,9400,0.25,522.22,20,10,3,8,2,7,0.17,1.25,3,0.43,0.13,1,FALSE
14,2,8,0,4,15,5,19,22,20,41,122,0.32,3.13,381.25,0.04,21.18,0,0,5,0,0,1,0.25,0,5,5,0.07,0,FALSE
72,0,23,1,49,47,15,109,158,62,267,1101,0.06,16.67,18350,0.37,1019.44,32,16,10,11,2,13,0.27,1.45,10,0.77,0.18,1,FALSE
7,0,4,0,3,5,3,7,9,8,16,33,0.48,2.08,68.75,0.01,3.82,0,0,3,0,0,1,0.33,0,3,3,0.14,0,FALSE
35,0,13,0,22,28,13,49,71,41,120,445,0.09,11.11,4944.44,0.15,274.69,14,7,4,4,1,6,0.27,1.75,4,0.67,0.17,0,FALSE
37,0,13,1,24,33,15,56,79,48,135,522,0.08,12.5,6525,0.17,362.5,12,6,6,4,1,5,0.21,1.5,6,1.2,0.14,1,FALSE
39,0,14,1,25,34,15,62,88,49,150,583,0.07,14.29,8328.57,0.19,462.7,14,7,7,4,1,6,0.24,1.75,7,1.17,0.15,1,FALSE
13,0,9,0,4,7,4,15,17,11,32,76,0.23,4.35,330.43,0.03,18.36,0,0,4,0,0,1,0.25,0,4,4,0.08,0,FALSE
12,0,4,0,8,9,8,13,22,17,35,99,0.17,5.88,582.35,0.03,32.35,2,1,2,0,0,2,0.25,0,2,1,0.17,0,FALSE
4,0,0,0,4,4,6,6,7,10,13,29,0.22,4.55,131.82,0.01,7.32,0,0,0,0,0,1,0.25,0,0,0,0.25,2,FALSE
4,0,0,0,4,3,5,4,6,8,10,20,0.3,3.33,66.67,0.01,3.7,0,0,0,0,0,1,0.25,0,0,0,0.25,1,FALSE
27,0,10,0,17,15,9,36,48,24,84,266,0.09,11.11,2955.56,0.09,164.2,8,4,5,4,1,4,0.24,1,5,1.25,0.15,0,FALSE
31,0,11,0,20,17,8,46,66,25,112,360,0.09,11.11,4000,0.12,222.22,8,4,12,0,0,5,0.25,0,12,2.4,0.16,0,FALSE
8,0,0,0,8,6,3,7,13,9,20,43,0.57,1.75,75.44,0.01,4.19,0,0,5,0,0,1,0.13,0,5,5,0.13,0,FALSE
10,0,7,0,3,7,3,7,15,10,22,50,0.67,1.49,74.63,0.02,4.15,0,0,6,0,0,1,0.33,0,6,6,0.1,0,FALSE
79,5,26,2,48,34,10,70,110,44,180,681,0.1,10,6810,0.23,378.33,24,12,7,12,4,9,0.19,1,7,0.78,0.11,0,FALSE
21,2,9,0,10,9,7,15,27,16,42,116,0.17,5.88,682.35,0.04,37.91,4,2,3,2,0,3,0.3,1,3,1,0.14,0,FALSE
34,0,5,0,29,18,11,35,58,29,93,313,0.09,11.11,3477.78,0.1,193.21,22,11,0,11,1,10,0.34,1,0,0,0.29,0,FALSE
6,0,0,0,6,6,6,6,11,12,17,42,0.33,3.03,127.27,0.01,7.07,4,2,1,2,1,2,0.33,1,1,0.5,0.33,0,FALSE
26,0,3,0,23,14,9,24,42,23,66,206,0.13,7.69,1584.62,0.07,88.03,16,8,1,8,3,6,0.26,1,1,0.17,0.23,0,FALSE
58,0,8,0,50,26,15,66,108,41,174,646,0.05,20,12920,0.22,717.78,36,18,9,18,4,14,0.28,1,9,0.64,0.24,1,FALSE
36,0,5,0,31,20,11,37,60,31,97,333,0.1,10,3330,0.11,185,26,13,0,13,1,12,0.39,1,0,0,0.33,0,FALSE
6,0,0,0,6,6,6,6,11,12,17,42,0.33,3.03,127.27,0.01,7.07,4,2,1,2,1,2,0.33,1,1,0.5,0.33,0,FALSE
26,0,3,0,23,14,9,24,42,23,66,206,0.13,7.69,1584.62,0.07,88.03,16,8,1,8,3,6,0.26,1,1,0.17,0.23,0,FALSE
60,0,8,0,52,26,16,71,114,42,185,691,0.05,20,13820,0.23,767.78,38,19,9,19,4,15,0.29,1,9,0.6,0.25,1,TRUE
4,0,2,0,2,5,4,5,7,9,12,26,0.5,2,52,0.01,2.89,0,0,0,0,0,1,0.5,0,0,0,0.25,0,FALSE
3,0,0,0,3,2,4,2,5,6,7,12,0.5,2,24,0,1.33,0,0,0,0,0,1,0.33,0,0,0,0.33,0,FALSE
3,0,0,0,3,2,4,2,5,6,7,12,0.5,2,24,0,1.33,0,0,0,0,0,1,0.33,0,0,0,0.33,0,FALSE
60,0,8,0,52,26,16,70,113,42,183,683,0.05,20,13660,0.23,758.89,38,19,9,19,4,15,0.29,1,9,0.6,0.25,1,FALSE
48,0,7,0,41,22,11,51,84,33,135,472,0.08,12.5,5900,0.16,327.78,30,15,0,15,1,14,0.34,1,0,0,0.29,0,FALSE
6,0,0,0,6,6,6,6,11,12,17,42,0.33,3.03,127.27,0.01,7.07,4,2,1,2,1,2,0.33,1,1,0.5,0.33,0,FALSE
26,0,3,0,23,14,9,24,42,23,66,206,0.13,7.69,1584.62,0.07,88.03,16,8,1,8,3,6,0.26,1,1,0.17,0.23,0,FALSE
95,0,13,0,82,36,19,118,184,55,302,1210,0.03,33.33,40333.33,0.4,2240.74,76,38,13,38,10,28,0.34,1,13,0.46,0.29,1,TRUE
32,0,5,0,27,16,11,33,56,27,89,293,0.09,11.11,3255.56,0.1,180.86,18,9,0,9,1,8,0.3,1,0,0,0.25,0,FALSE
6,0,0,0,6,6,6,6,11,12,17,42,0.33,3.03,127.27,0.01,7.07,4,2,1,2,1,2,0.33,1,1,0.5,0.33,0,FALSE
26,0,3,0,23,14,9,24,42,23,66,206,0.13,7.69,1584.62,0.07,88.03,16,8,1,8,3,6,0.26,1,1,0.17,0.23,0,FALSE
34,0,6,0,28,18,13,34,59,31,93,319,0.08,12.5,3987.5,0.11,221.53,20,10,4,10,2,8,0.29,1,4,0.5,0.24,1,FALSE
38,0,5,0,33,22,11,39,62,33,101,353,0.1,10,3530,0.12,196.11,30,15,0,15,1,14,0.42,1,0,0,0.37,0,FALSE
6,0,0,0,6,6,6,6,11,12,17,42,0.33,3.03,127.27,0.01,7.07,4,2,1,2,1,2,0.33,1,1,0.5,0.33,0,FALSE
26,0,3,0,23,14,9,24,42,23,66,206,0.13,7.69,1584.62,0.07,88.03,16,8,1,8,3,6,0.26,1,1,0.17,0.23,0,FALSE
34,0,6,0,28,18,13,34,59,31,93,319,0.08,12.5,3987.5,0.11,221.53,20,10,4,10,2,8,0.29,1,4,0.5,0.24,1,FALSE
40,0,6,0,34,19,11,42,70,30,112,380,0.08,12.5,4750,0.13,263.89,24,12,0,12,1,11,0.32,1,0,0,0.28,0,FALSE
3,0,0,0,3,2,4,2,5,6,7,12,0.5,2,24,0,1.33,0,0,0,0,0,1,0.33,0,0,0,0.33,0,FALSE
4,0,0,0,4,3,5,4,7,8,11,22,0.3,3.33,73.33,0.01,4.07,0,0,0,0,0,1,0.25,0,0,0,0.25,0,FALSE
95,0,13,0,82,36,19,118,184,55,302,1210,0.03,33.33,40333.33,0.4,2240.74,76,38,13,38,10,28,0.34,1,13,0.46,0.29,1,FALSE
40,0,5,0,35,24,11,41,64,35,105,373,0.11,9.09,3390.91,0.12,188.38,34,17,0,17,1,16,0.46,1,0,0,0.4,0,FALSE
6,0,0,0,6,6,6,6,11,12,17,42,0.33,3.03,127.27,0.01,7.07,4,2,1,2,1,2,0.33,1,1,0.5,0.33,0,FALSE
26,0,3,0,23,14,9,24,42,23,66,206,0.13,7.69,1584.62,0.07,88.03,16,8,1,8,3,6,0.26,1,1,0.17,0.23,0,FALSE
34,0,6,0,28,18,13,34,59,31,93,319,0.08,12.5,3987.5,0.11,221.53,20,10,4,10,2,8,0.29,1,4,0.5,0.24,1,FALSE
12,0,3,0,9,11,15,22,32,26,54,175,0.07,14.29,2500,0.06,138.89,8,4,0,3,1,4,0.44,1.33,0,0,0.33,2,FALSE
3,0,0,0,3,5,6,5,8,11,13,31,0.33,3.03,93.94,0.01,5.22,0,0,0,0,0,1,0.33,0,0,0,0.33,3,FALSE
18,0,3,0,15,10,15,31,46,25,77,247,0.04,25,6175,0.08,343.06,12,6,0,5,1,6,0.4,1.2,0,0,0.33,2,FALSE
8,0,0,0,8,7,7,8,14,14,22,58,0.25,4,232,0.02,12.89,4,2,0,2,1,2,0.25,1,0,0,0.25,1,FALSE
2,0,0,0,2,1,2,1,3,3,4,4,1,1,4,0,0.22,0,0,0,0,0,1,0.5,0,0,0,0.5,0,FALSE
2,0,0,0,2,1,2,1,3,3,4,4,1,1,4,0,0.22,0,0,0,0,0,1,0.5,0,0,0,0.5,0,FALSE
2,0,0,0,2,1,2,1,3,3,4,4,1,1,4,0,0.22,0,0,0,0,0,1,0.5,0,0,0,0.5,0,FALSE
4,0,0,0,4,2,5,3,7,7,10,19,0.27,3.7,70.37,0.01,3.91,2,1,0,1,0,2,0.5,1,0,0,0.5,0,FALSE
2,0,0,0,2,1,2,1,3,3,4,4,1,1,4,0,0.22,0,0,0,0,0,1,0.5,0,0,0,0.5,0,FALSE
2,0,0,0,2,1,2,1,3,3,4,4,1,1,4,0,0.22,0,0,0,0,0,1,0.5,0,0,0,0.5,0,FALSE
2,0,0,0,2,1,2,1,3,3,4,4,1,1,4,0,0.22,0,0,0,0,0,1,0.5,0,0,0,0.5,0,FALSE
2,0,0,0,2,1,2,1,3,3,4,4,1,1,4,0,0.22,0,0,0,0,0,1,0.5,0,0,0,0.5,0,FALSE
32,0,5,0,27,16,11,33,56,27,89,293,0.09,11.11,3255.56,0.1,180.86,18,9,0,9,1,8,0.3,1,0,0,0.25,0,FALSE
6,0,0,0,6,3,5,5,11,8,16,33,0.24,4.17,137.5,0.01,7.64,4,2,0,2,0,3,0.5,1,0,0,0.5,0,FALSE
6,0,0,0,6,6,6,6,11,12,17,42,0.33,3.03,127.27,0.01,7.07,4,2,1,2,1,2,0.33,1,1,0.5,0.33,0,FALSE
27,0,3,0,24,16,9,26,44,25,70,225,0.14,7.14,1607.14,0.08,89.29,16,8,1,8,3,6,0.25,1,1,0.17,0.22,0,FALSE
51,2,12,0,37,29,17,58,91,46,149,570,0.06,16.67,9500,0.19,527.78,34,17,4,17,3,14,0.38,1,4,0.29,0.27,1,TRUE
307,116,44,5,147,138,23,245,366,161,611,3104,0.04898,20.4167,63373.3333,1.0347,3520.7407,94,47,43,39,10,37,0.2517,1.2051,43,1.1622,0.12052,0,TRUE
3,0,0,0,3,4,6,6,8,10,14,32,0.22222,4.5,144,0.010667,8,0,0,0,0,0,1,0.33333,0,0,0,0.33333,0,FALSE
268,72,22,0,174,125,23,337,484,148,821,4102,0.032254,31.004,127178.408,1.3673,7065.4671,190,95,0,94,32,64,0.36782,1.0106,0,0,0.23881,0,FALSE
11,2,0,0,9,10,4,15,17,14,32,84,0.33333,3,252,0.028,14,0,0,2,0,0,1,0.11111,0,2,2,0.090909,0,FALSE
9,2,0,0,7,7,4,11,13,11,24,57,0.31818,3.1429,179.1429,0.019,9.9524,0,0,1,0,0,1,0.14286,0,1,1,0.11111,0,FALSE
10,2,0,0,8,7,4,13,15,11,28,67,0.26923,3.7143,248.8571,0.022333,13.8254,0,0,2,0,0,1,0.125,0,2,2,0.1,0,FALSE
5,0,0,0,5,5,3,5,9,8,14,29,0.66667,1.5,43.5,0.0096667,2.4167,0,0,3,0,0,1,0.2,0,3,3,0.2,0,FALSE
28,5,1,0,22,18,12,49,53,30,102,346,0.061224,16.3333,5651.3333,0.11533,313.963,8,4,2,3,1,4,0.18182,1.3333,2,0.5,0.14286,1,FALSE
26,6,0,0,20,16,11,41,44,27,85,280,0.070953,14.0938,3946.25,0.093333,219.2361,4,2,2,1,0,3,0.15,2,2,0.66667,0.11538,0,FALSE
15,4,0,0,11,11,5,19,22,16,41,113,0.23158,4.3182,487.9545,0.037667,27.1086,0,0,7,0,0,1,0.090909,0,7,7,0.066667,1,FALSE
23,5,1,0,17,18,9,25,36,27,61,201,0.16,6.25,1256.25,0.067,69.7917,4,2,7,1,0,3,0.17647,2,7,2.3333,0.13043,2,FALSE
10,4,0,0,6,9,6,24,23,15,47,127,0.125,8,1016,0.042333,56.4444,0,0,3,0,0,1,0.16667,0,3,3,0.1,2,FALSE
23,5,1,0,17,15,10,43,58,25,101,325,0.069767,14.3333,4658.3333,0.10833,258.7963,16,8,4,8,4,5,0.29412,1,4,0.8,0.21739,1,FALSE
76,11,11,2,54,49,14,116,166,63,282,1168,0.060345,16.5714,19355.4286,0.38933,1075.3016,58,29,17,29,14,16,0.2963,1,17,1.0625,0.21053,0,FALSE
203,63,37,6,103,60,23,304,348,83,652,2881,0.017162,58.2667,167866.2667,0.96033,9325.9037,58,29,77,28,8,22,0.21359,1.0357,77,3.5,0.10837,0,FALSE
64,18,7,1,39,35,14,75,97,49,172,669,0.066667,15,10035,0.223,557.5,24,12,8,12,3,10,0.25641,1,8,0.8,0.15625,0,FALSE
94,21,17,3,56,35,18,103,145,53,248,984,0.037756,26.4857,26061.9429,0.328,1447.8857,32,16,29,16,4,12,0.21429,1,29,2.4167,0.12766,0,FALSE
31,10,5,0,16,19,5,64,66,24,130,413,0.11875,8.4211,3477.8947,0.13767,193.2164,0,0,24,0,0,1,0.0625,0,24,24,0.032258,0,FALSE
70,21,15,0,34,30,7,83,88,37,171,617,0.10327,9.6833,5974.6167,0.20567,331.9231,2,1,17,0,0,2,0.058824,0,17,8.5,0.028571,0,FALSE
20,9,8,0,3,12,4,19,22,16,41,113,0.31579,3.1667,357.8333,0.037667,19.8796,0,0,9,0,0,1,0.33333,0,9,9,0.05,0,FALSE
285,78,40,3,167,36,15,295,355,51,650,2555,0.016271,61.4583,157026.0417,0.85167,8723.669,40,20,109,20,3,15,0.08982,1,109,7.2667,0.052632,0,FALSE
61,21,7,1,33,24,10,73,83,34,156,550,0.065753,15.2083,8364.5833,0.18333,464.6991,6,3,10,3,0,4,0.12121,1,10,2.5,0.065574,0,FALSE
16,5,0,0,11,12,5,22,23,17,45,127,0.21818,4.5833,582.0833,0.042333,32.338,0,0,1,0,0,1,0.090909,0,1,1,0.0625,1,FALSE
17,6,0,0,11,12,5,22,23,17,45,127,0.21818,4.5833,582.0833,0.042333,32.338,0,0,1,0,0,1,0.090909,0,1,1,0.058824,1,FALSE
29,8,1,1,20,15,10,38,44,25,82,263,0.078947,12.6667,3331.3333,0.087667,185.0741,2,1,1,0,0,2,0.1,0,1,0.5,0.068966,2,FALSE
82,31,7,4,44,25,11,57,91,36,148,530,0.079745,12.54,6646.2,0.17667,369.2333,24,12,2,11,3,10,0.22727,1.0909,2,0.2,0.12195,0,FALSE
74,21,10,4,43,30,10,58,91,40,149,549,0.10345,9.6667,5307,0.183,294.8333,28,14,2,14,3,12,0.27907,1,2,0.16667,0.16216,0,FALSE
77,30,13,4,34,50,16,87,108,66,195,816,0.071839,13.92,11358.72,0.272,631.04,24,12,3,12,4,9,0.26471,1,3,0.33333,0.11688,0,FALSE
76,19,2,1,55,57,19,118,155,76,273,1182,0.050847,19.6667,23246,0.394,1291.4444,46,23,25,23,10,14,0.25455,1,25,1.7857,0.18421,0,FALSE
23,5,0,0,18,22,6,67,69,28,136,453,0.10945,9.1364,4138.7727,0.151,229.9318,4,2,24,2,1,2,0.11111,1,24,12,0.086957,0,FALSE
19,5,0,0,14,14,13,26,33,27,59,194,0.08284,12.0714,2341.8571,0.064667,130.1032,4,2,0,1,0,3,0.21429,2,0,0,0.15789,0,FALSE
128,42,21,3,65,67,13,83,134,80,217,950,0.12419,8.0522,7649.6269,0.31667,424.9793,26,13,24,12,1,12,0.18462,1.0833,24,2,0.09375,0,FALSE
115,42,4,1,69,44,19,117,155,63,272,1126,0.039586,25.2614,28444.2955,0.37533,1580.2386,24,12,10,12,2,10,0.14493,1,10,1,0.086957,0,FALSE
117,40,17,4,60,52,14,82,126,66,208,871,0.090592,11.0385,9614.5,0.29033,534.1389,26,13,16,12,1,12,0.2,1.0833,16,1.3333,0.10256,0,FALSE
91,21,18,0,52,74,5,102,104,79,206,900,0.2902,3.4459,3101.3514,0.3,172.2973,0,0,0,0,0,1,0.019231,0,0,0,0.010989,0,FALSE
57,0,36,0,21,30,4,35,37,34,72,253,0.42857,2.3333,590.3333,0.084333,32.7963,0,0,0,0,0,1,0.047619,0,0,0,0.017544,0,FALSE
18,5,6,0,7,15,7,28,39,22,67,207,0.15306,6.5333,1352.4,0.069,75.1333,16,8,0,8,0,9,1.2857,1,0,0,0.5,0,FALSE
91,26,14,0,51,68,14,142,167,82,309,1361,0.06841,14.6176,19894.6177,0.45367,1105.2565,32,16,20,16,0,17,0.33333,1,20,1.1765,0.18681,0,FALSE
31,3,1,0,27,29,5,62,64,34,126,444,0.1871,5.3448,2373.1034,0.148,131.8391,0,0,11,0,0,1,0.037037,0,11,11,0.032258,0,FALSE
18,4,0,0,14,20,6,32,34,26,66,215,0.20833,4.8,1032,0.071667,57.3333,0,0,6,0,0,1,0.071429,0,6,6,0.055556,0,TRUE
26,10,0,0,16,21,13,45,55,34,100,352,0.071795,13.9286,4902.8571,0.11733,272.381,8,4,0,3,0,5,0.3125,1.3333,0,0,0.19231,1,FALSE
11,4,0,0,7,11,8,23,29,19,52,153,0.11957,8.3636,1279.6364,0.051,71.0909,8,4,1,4,0,5,0.71429,1,1,0.2,0.45455,0,FALSE
31,10,0,0,21,18,8,36,46,26,82,267,0.125,8,2136,0.089,118.6667,8,4,2,4,1,4,0.19048,1,2,0.5,0.12903,0,FALSE
17,7,2,1,8,13,7,17,20,20,37,110,0.21849,4.5769,503.4615,0.036667,27.9701,2,1,1,0,0,2,0.25,0,1,0.5,0.11765,1,FALSE
115,32,29,2,54,65,13,183,229,78,412,1794,0.054645,18.3,32830.2,0.598,1823.9,100,50,1,50,23,28,0.51852,1,1,0.035714,0.24348,0,FALSE
62,19,12,0,31,45,13,130,161,58,291,1181,0.053254,18.7778,22176.5556,0.39367,1232.0309,68,34,1,34,15,20,0.64516,1,1,0.05,0.32258,0,FALSE
58,18,5,0,35,24,14,50,74,38,124,451,0.068571,14.5833,6577.0833,0.15033,365.3935,16,8,3,8,2,7,0.2,1,3,0.42857,0.12069,0,FALSE
6,2,0,0,4,8,6,9,10,14,19,50,0.2963,3.375,168.75,0.016667,9.375,0,0,1,0,0,1,0.25,0,1,1,0.16667,0,FALSE
5,1,0,0,4,7,5,8,9,12,17,42,0.35,2.8571,120,0.014,6.6667,0,0,0,0,0,1,0.25,0,0,0,0.2,0,FALSE
155,36,16,4,103,69,29,207,320,98,527,2416,0.022989,43.5,105096,0.80533,5838.6667,70,35,0,32,3,32,0.31068,1.0938,0,0,0.20645,0,FALSE
42,8,3,1,31,18,11,42,61,29,103,346,0.077922,12.8333,4440.3333,0.11533,246.6852,16,8,0,8,4,5,0.16129,1,0,0,0.11905,0,FALSE
445,109,64,11,272,99,19,477,693,118,1170,5581,0.021847,45.7727,255457.5909,1.8603,14192.0884,208,104,18,104,26,79,0.29044,1,18,0.22785,0.17753,0,TRUE
43,9,7,4,27,25,14,51,75,39,126,461,0.070028,14.28,6583.08,0.15367,365.7267,28,14,5,14,6,9,0.33333,1,5,0.55556,0.2093,0,TRUE
181,54,24,2,103,115,24,273,341,139,614,3029,0.035104,28.487,86286.9913,1.0097,4793.7217,86,43,4,43,10,34,0.3301,1,4,0.11765,0.18785,0,TRUE
131,29,12,4,90,66,26,164,244,92,408,1844,0.030957,32.303,59566.7879,0.61467,3309.266,74,37,9,35,6,31,0.34444,1.0571,9,0.29032,0.23664,0,FALSE
15,3,0,0,12,13,11,18,29,24,47,149,0.13131,7.6154,1134.6923,0.049667,63.0385,8,4,1,4,0,5,0.41667,1,1,0.2,0.33333,0,FALSE
112,29,10,4,73,40,17,112,170,57,282,1140,0.042017,23.8,27132,0.38,1507.3333,64,32,0,32,6,26,0.35616,1,0,0,0.23214,0,FALSE
670,81,195,31,394,142,27,575,817,169,1392,7140,0.018293,54.6655,390311.6197,2.38,21683.9789,244,122,13,122,33,85,0.21574,1,13,0.15294,0.12687,0,TRUE
173,59,22,6,92,77,31,277,352,108,629,2945,0.017934,55.7597,164212.4351,0.98167,9122.9131,108,54,0,53,14,40,0.43478,1.0189,0,0,0.23121,0,TRUE
114,32,12,3,70,46,23,134,180,69,314,1329,0.029851,33.5,44521.5,0.443,2473.4167,56,28,1,27,7,22,0.31429,1.037,1,0.045455,0.19298,0,FALSE
148,41,5,0,102,42,16,147,208,58,355,1441,0.035714,28,40348,0.48033,2241.5556,48,24,0,24,7,18,0.17647,1,0,0,0.12162,0,FALSE
10,0,0,0,10,11,7,30,38,18,68,196,0.10476,9.5455,1870.9091,0.065333,103.9394,24,12,1,12,6,7,0.7,1,1,0.14286,0.7,0,FALSE
333,94,53,9,186,56,18,352,469,74,821,3533,0.017677,56.5714,199866.8571,1.1777,11103.7143,114,57,23,56,15,40,0.21505,1.0179,23,0.575,0.12012,0,TRUE
103,61,3,0,39,26,19,81,111,45,192,730,0.033788,29.5962,21605.1923,0.24333,1200.2885,16,8,2,7,1,8,0.20513,1.1429,2,0.25,0.07767,0,FALSE
53,22,5,0,26,18,16,38,54,34,92,324,0.059211,16.8889,5472,0.108,304,12,6,0,5,2,5,0.19231,1.2,0,0,0.09434,1,FALSE
25,10,1,0,14,12,14,42,58,26,100,325,0.040816,24.5,7962.5,0.10833,442.3611,2,1,0,1,0,2,0.14286,1,0,0,0.08,2,FALSE
73,22,8,1,43,25,12,67,97,37,164,592,0.062189,16.08,9519.36,0.19733,528.8533,30,15,0,15,7,9,0.2093,1,0,0,0.12329,0,FALSE
69,21,17,0,31,16,9,28,48,25,76,244,0.12698,7.875,1921.5,0.081333,106.75,26,13,0,13,6,8,0.25806,1,0,0,0.11594,0,FALSE
42,18,1,0,23,12,10,23,39,22,62,191,0.10435,9.5833,1830.4167,0.063667,101.6898,14,7,0,7,1,7,0.30435,1,0,0,0.16667,0,FALSE
69,26,10,0,33,17,12,39,64,29,103,346,0.07265,13.7647,4762.5882,0.11533,264.5882,24,12,0,12,4,9,0.27273,1,0,0,0.13043,0,FALSE
58,26,0,0,32,17,14,48,82,31,130,446,0.050595,19.7647,8815.0588,0.14867,489.7255,12,6,0,6,2,5,0.15625,1,0,0,0.086207,1,FALSE
45,20,2,0,23,27,12,61,77,39,138,505,0.07377,13.5556,6845.5556,0.16833,380.3086,4,2,0,2,0,3,0.13043,1,0,0,0.066667,0,FALSE
102,55,6,0,41,23,13,111,130,36,241,863,0.031878,31.3696,27071.9348,0.28767,1503.9964,10,5,2,5,2,4,0.097561,1,2,0.5,0.039216,0,FALSE
89,22,17,0,50,21,18,52,82,39,134,490,0.044872,22.2857,10920,0.16333,606.6667,24,12,1,11,4,9,0.18,1.0909,1,0.11111,0.10112,0,TRUE
58,25,10,0,23,19,11,35,56,30,91,309,0.098701,10.1316,3130.6579,0.103,173.9254,8,4,7,4,1,4,0.17391,1,7,1.75,0.068966,0,FALSE
530,235,78,0,217,60,12,329,478,72,807,3451,0.030395,32.9,113537.9,1.1503,6307.6611,176,88,31,88,34,55,0.25346,1,31,0.56364,0.10377,0,FALSE
907,395,209,4,303,112,20,560,829,132,1389,6782,0.02,50,339100,2.2607,18838.8889,210,105,54,104,31,75,0.24752,1.0096,54,0.72,0.08269,0,TRUE
142,62,14,0,66,44,17,114,174,61,288,1183,0.045408,22.0227,26052.8864,0.39433,1447.3826,34,17,12,17,7,11,0.16667,1,12,1.0909,0.077465,0,TRUE
16,3,0,0,13,18,10,21,31,28,52,173,0.17143,5.8333,1009.1667,0.057667,56.0648,4,2,0,2,0,3,0.23077,1,0,0,0.1875,0,FALSE
70,35,11,0,24,20,12,30,50,32,80,277,0.11111,9,2493,0.092333,138.5,12,6,6,5,1,6,0.25,1.2,6,1,0.085714,0,FALSE
185,81,18,0,86,42,15,99,173,57,272,1099,0.056566,17.6786,19428.75,0.36633,1079.375,52,26,3,26,2,25,0.2907,1,3,0.12,0.13514,0,FALSE
56,0,27,0,29,12,7,13,24,19,37,108,0.26374,3.7917,409.5,0.036,22.75,6,3,4,3,1,3,0.10345,1,4,1.3333,0.053571,0,FALSE
86,48,1,0,37,32,13,58,94,45,152,578,0.084881,11.7812,6809.5625,0.19267,378.309,20,10,11,9,2,9,0.24324,1.1111,11,1.2222,0.10465,0,FALSE
103,55,4,0,44,30,17,58,86,47,144,554,0.060852,16.4333,9104.0667,0.18467,505.7815,14,7,5,6,2,6,0.13636,1.1667,5,0.83333,0.058252,0,TRUE
50,23,4,0,23,18,6,23,47,24,70,222,0.26087,3.8333,851,0.074,47.2778,14,7,8,7,1,7,0.30435,1,8,1.1429,0.14,0,FALSE
240,121,5,1,114,65,19,185,249,84,434,1922,0.036984,27.0385,51967.9231,0.64067,2887.1068,48,24,28,24,4,20,0.17544,1,28,1.4,0.083333,0,TRUE
42,16,4,0,22,18,9,25,43,27,68,224,0.16,6.25,1400,0.074667,77.7778,12,6,6,5,2,5,0.22727,1.2,6,1.2,0.11905,0,FALSE
161,61,19,0,81,39,11,110,173,50,283,1107,0.064463,15.5128,17172.6923,0.369,954.0385,56,28,1,28,10,19,0.23457,1,1,0.052632,0.11801,0,TRUE
23,9,4,0,10,11,10,15,24,21,39,118,0.14667,6.8182,804.5455,0.039333,44.697,4,2,0,2,0,3,0.3,1,0,0,0.13043,0,FALSE
13,6,1,0,6,5,4,5,9,9,14,30,0.5,2,60,0.01,3.3333,0,0,2,0,0,1,0.16667,0,2,2,0.076923,0,FALSE
8,3,0,0,5,4,4,4,7,8,11,22,0.5,2,44,0.0073333,2.4444,0,0,1,0,0,1,0.2,0,1,1,0.125,0,FALSE
16,7,1,0,8,8,4,9,13,12,22,54,0.44444,2.25,121.5,0.018,6.75,0,0,2,0,0,1,0.125,0,2,2,0.0625,0,FALSE
45,23,4,0,18,19,9,27,41,28,68,226,0.15638,6.3947,1445.2105,0.075333,80.2895,8,4,1,4,0,5,0.27778,1,1,0.2,0.11111,0,FALSE
10,6,0,0,4,4,4,4,7,8,11,22,0.5,2,44,0.0073333,2.4444,0,0,1,0,0,1,0.25,0,1,1,0.1,0,FALSE
146,35,59,0,52,68,7,94,100,75,194,837,0.20669,4.8382,4049.6029,0.279,224.9779,2,1,1,0,0,2,0.038462,0,1,0.5,0.013699,0,FALSE
28,14,7,0,7,11,4,11,19,15,30,81,0.5,2,162,0.027,9,0,0,6,0,0,1,0.14286,0,6,6,0.035714,0,FALSE
112,0,96,0,16,31,6,42,49,37,91,328,0.24603,4.0645,1333.1613,0.10933,74.0645,0,0,0,0,0,1,0.0625,0,0,0,0.0089286,0,FALSE
181,75,58,1,48,87,6,115,117,93,232,1051,0.25217,3.9655,4167.7586,0.35033,231.5421,0,0,0,0,0,1,0.020833,0,0,0,0.0055249,0,TRUE
54,25,4,0,25,23,6,29,46,29,75,252,0.26437,3.7826,953.2174,0.084,52.9565,6,3,11,3,1,3,0.12,1,11,3.6667,0.055556,0,FALSE
29,13,3,0,13,16,9,31,36,25,67,215,0.1147,8.7188,1874.5312,0.071667,104.1406,2,1,1,0,0,2,0.15385,0,1,0.5,0.068966,0,FALSE
42,18,2,0,22,18,8,37,44,26,81,263,0.12162,8.2222,2162.4444,0.087667,120.1358,6,3,3,3,1,3,0.13636,1,3,1,0.071429,0,FALSE
86,30,20,0,36,31,11,46,76,42,122,455,0.12253,8.1613,3713.3871,0.15167,206.2993,16,8,14,8,2,7,0.19444,1,14,2,0.081395,0,TRUE
14,6,0,0,8,12,5,18,19,17,37,104,0.26667,3.75,390,0.034667,21.6667,0,0,0,0,0,1,0.125,0,0,0,0.071429,0,FALSE
191,100,13,0,78,44,22,132,194,66,326,1365,0.030303,33,45045,0.455,2502.5,48,24,2,23,6,19,0.24359,1.0435,2,0.10526,0.099476,0,TRUE
67,28,12,0,27,34,18,63,97,52,160,632,0.059965,16.6765,10539.5294,0.21067,585.5294,20,10,1,9,1,10,0.37037,1.1111,1,0.1,0.14925,0,FALSE
58,31,3,1,24,20,14,36,51,34,87,306,0.079365,12.6,3855.6,0.102,214.2,10,5,2,5,2,4,0.16667,1,2,0.5,0.068966,0,FALSE
52,21,8,0,23,35,10,49,63,45,112,426,0.14286,7,2982,0.142,165.6667,6,3,4,3,1,3,0.13043,1,4,1.3333,0.057692,0,FALSE
12,3,0,0,9,10,8,11,18,18,29,83,0.22727,4.4,365.2,0.027667,20.2889,4,2,0,2,0,3,0.33333,1,0,0,0.25,0,FALSE
31,14,2,0,15,15,10,28,38,25,66,212,0.10714,9.3333,1978.6667,0.070667,109.9259,6,3,0,3,1,3,0.2,1,0,0,0.096774,4,FALSE
290,141,11,0,138,41,20,146,243,61,389,1599,0.028082,35.6098,56940,0.533,3163.3333,86,43,10,43,14,29,0.21014,1,10,0.34483,0.1,0,FALSE
21,10,2,1,9,16,5,20,21,21,41,124,0.32,3.125,387.5,0.041333,21.5278,0,0,0,0,0,1,0.11111,0,0,0,0.047619,3,FALSE
13,8,0,0,5,5,4,6,9,9,15,32,0.41667,2.4,76.8,0.010667,4.2667,0,0,1,0,0,1,0.2,0,1,1,0.076923,0,FALSE
16,10,0,0,6,9,8,10,15,17,25,70,0.225,4.4444,311.1111,0.023333,17.284,2,1,1,1,0,2,0.33333,1,1,0.5,0.125,0,FALSE
11,5,0,0,6,7,4,7,11,11,18,43,0.5,2,86,0.014333,4.7778,0,0,2,0,0,1,0.16667,0,2,2,0.090909,0,FALSE
33,17,0,0,16,25,5,30,32,30,62,210,0.33333,3,630,0.07,35,0,0,0,0,0,1,0.0625,0,0,0,0.030303,0,FALSE
14,8,0,0,6,7,4,9,11,11,20,47,0.38889,2.5714,120.8571,0.015667,6.7143,0,0,0,0,0,1,0.16667,0,0,0,0.071429,0,FALSE
47,14,3,0,30,32,7,45,57,39,102,373,0.20317,4.9219,1835.8594,0.12433,101.9922,10,5,0,5,2,4,0.13333,1,0,0,0.085106,0,FALSE
14,8,0,0,6,8,8,12,21,16,33,91,0.16667,6,546,0.030333,30.3333,2,1,1,1,0,2,0.33333,1,1,0.5,0.14286,0,FALSE
21,5,0,0,16,8,8,23,31,16,54,149,0.086957,11.5,1713.5,0.049667,95.1944,8,4,1,4,1,4,0.25,1,1,0.25,0.19048,0,FALSE
73,12,2,0,59,32,13,89,119,45,208,791,0.055315,18.0781,14299.7969,0.26367,794.4332,42,21,0,21,3,19,0.32203,1,0,0,0.26027,0,FALSE
67,17,3,0,47,28,13,70,92,41,162,601,0.061538,16.25,9766.25,0.20033,542.5694,20,10,0,10,1,10,0.21277,1,0,0,0.14925,0,FALSE
18,1,0,0,17,11,9,16,25,20,41,122,0.15278,6.5455,798.5455,0.040667,44.3636,8,4,0,4,2,3,0.17647,1,0,0,0.16667,0,FALSE
20,6,1,0,13,11,7,13,23,18,36,104,0.24176,4.1364,430.1818,0.034667,23.899,2,1,5,1,0,2,0.15385,1,5,2.5,0.1,0,FALSE
27,4,5,0,18,22,11,30,47,33,77,269,0.13333,7.5,2017.5,0.089667,112.0833,8,4,4,4,1,4,0.22222,1,4,1,0.14815,0,FALSE
250,47,22,0,181,65,28,226,357,93,583,2642,0.020544,48.6769,128604.4308,0.88067,7144.6906,78,39,6,35,8,31,0.17127,1.1143,6,0.19355,0.124,0,TRUE
57,4,1,1,52,21,10,53,75,31,128,439,0.079245,12.619,5539.7619,0.14633,307.7646,18,9,3,9,4,6,0.11538,1,3,0.5,0.10526,0,FALSE
11,0,0,0,11,4,6,5,11,10,16,36,0.26667,3.75,135,0.012,7.5,4,2,0,2,1,2,0.18182,1,0,0,0.18182,0,FALSE
252,119,17,0,116,67,20,159,242,87,401,1790,0.042138,23.7313,42479.1045,0.59667,2359.9502,70,35,10,35,9,26,0.22414,1,10,0.38462,0.10317,0,TRUE
25,17,0,0,8,10,6,11,16,16,27,74,0.30303,3.3,244.2,0.024667,13.5667,2,1,0,1,0,2,0.25,1,0,0,0.08,0,FALSE
13,6,0,0,7,9,4,10,13,13,23,58,0.45,2.2222,128.8889,0.019333,7.1605,0,0,1,0,0,1,0.14286,0,1,1,0.076923,0,FALSE
74,31,8,0,35,24,11,42,62,35,104,369,0.1039,9.625,3551.625,0.123,197.3125,24,12,3,12,6,7,0.2,1,3,0.42857,0.094595,0,FALSE
52,23,11,0,18,14,17,37,62,31,99,339,0.044515,22.4643,7615.3929,0.113,423.0774,8,4,0,3,0,5,0.27778,1.3333,0,0,0.096154,3,TRUE
47,22,5,0,20,13,11,38,58,24,96,305,0.062201,16.0769,4903.4615,0.10167,272.4145,2,1,5,0,0,2,0.1,0,5,2.5,0.042553,3,FALSE
89,38,6,0,45,29,20,75,114,49,189,735,0.038667,25.8621,19008.6207,0.245,1056.0345,14,7,5,3,1,7,0.15556,2.3333,5,0.71429,0.078652,0,TRUE
24,9,1,0,14,16,16,25,44,32,69,239,0.08,12.5,2987.5,0.079667,165.9722,4,2,2,1,0,3,0.21429,2,2,0.66667,0.125,1,FALSE
46,24,2,0,20,15,13,36,56,28,92,306,0.064103,15.6,4773.6,0.102,265.2,2,1,2,0,0,2,0.1,0,2,1,0.043478,0,FALSE
52,27,7,0,18,12,13,29,57,25,86,276,0.06366,15.7083,4335.5,0.092,240.8611,8,4,0,3,0,5,0.27778,1.3333,0,0,0.096154,3,FALSE
68,25,16,16,27,38,5,103,105,43,208,782,0.14757,6.7763,5299.0789,0.26067,294.3933,0,0,0,0,0,1,0.037037,0,0,0,0.014706,0,FALSE
75,25,16,16,34,43,10,111,123,53,234,929,0.077477,12.907,11990.5814,0.30967,666.1434,4,2,1,2,1,2,0.058824,1,1,0.5,0.026667,0,FALSE
6,3,0,0,3,5,6,5,10,11,15,35,0.33333,3,105,0.011667,5.8333,0,0,1,0,0,1,0.33333,0,1,1,0.16667,0,FALSE
16,4,3,0,9,7,12,14,29,19,43,126,0.083333,12,1512,0.042,84,4,2,0,1,0,3,0.33333,2,0,0,0.1875,2,FALSE
22,3,0,0,19,23,4,35,37,27,72,237,0.32857,3.0435,721.3043,0.079,40.0725,0,0,0,0,0,1,0.052632,0,0,0,0.045455,0,FALSE
47,22,6,0,19,17,17,36,61,34,97,342,0.055556,18,6156,0.114,342,10,5,1,4,1,5,0.26316,1.25,1,0.2,0.10638,0,TRUE
50,25,1,0,24,14,14,26,51,28,77,256,0.076923,13,3328,0.085333,184.8889,12,6,1,5,1,6,0.25,1.2,1,0.16667,0.12,0,TRUE
128,73,3,0,52,26,16,72,108,42,180,672,0.045139,22.1538,14887.3846,0.224,827.0769,28,14,1,13,3,12,0.23077,1.0769,1,0.083333,0.09375,0,FALSE
136,64,4,0,68,28,13,68,117,41,185,687,0.063348,15.7857,10844.7857,0.229,602.4881,44,22,1,22,8,14,0.20588,1,1,0.071429,0.10294,0,FALSE
71,39,1,0,31,28,14,87,126,42,213,796,0.045977,21.75,17313,0.26533,961.8333,20,10,0,10,1,10,0.32258,1,0,0,0.14085,0,FALSE
244,84,46,1,114,45,17,232,380,62,612,2525,0.022819,43.8222,110651.1111,0.84167,6147.284,76,38,0,38,17,22,0.19298,1,0,0,0.090164,0,TRUE
22,6,11,0,5,4,7,7,11,11,18,43,0.16327,6.125,263.375,0.014333,14.6319,2,1,0,0,0,2,0.4,0,0,0,0.090909,1,FALSE
25,5,0,0,20,8,10,41,62,18,103,297,0.039024,25.625,7610.625,0.099,422.8125,16,8,0,8,4,5,0.25,1,0,0,0.2,1,FALSE
26,13,3,0,10,6,5,6,14,11,20,47,0.4,2.5,117.5,0.015667,6.5278,4,2,3,2,1,2,0.2,1,3,1.5,0.076923,0,FALSE
61,21,6,0,34,21,12,30,54,33,84,293,0.11667,8.5714,2511.4286,0.097667,139.5238,18,9,3,9,2,7,0.20588,1,3,0.42857,0.11475,0,FALSE
112,52,4,0,56,45,15,76,115,60,191,782,0.078947,12.6667,9905.3333,0.26067,550.2963,36,18,5,18,7,12,0.21429,1,5,0.41667,0.10714,0,FALSE
131,59,13,0,59,44,17,87,139,61,226,929,0.0595,16.8068,15613.5341,0.30967,867.4186,40,20,5,20,7,14,0.23729,1,5,0.35714,0.10687,0,FALSE
153,64,28,0,61,22,14,81,132,36,213,763,0.038801,25.7727,19664.5909,0.25433,1092.4773,44,22,4,22,7,16,0.2623,1,4,0.25,0.10458,0,FALSE
82,36,6,0,40,30,12,52,78,42,130,485,0.096154,10.4,5044,0.16167,280.2222,30,15,4,15,6,10,0.25,1,4,0.4,0.12195,0,FALSE
121,56,12,0,53,35,19,80,113,54,193,769,0.046053,21.7143,16698.2857,0.25633,927.6825,26,13,6,13,3,10,0.18868,1,6,0.6,0.082645,3,FALSE
269,112,30,0,127,50,26,168,267,76,435,1883,0.022894,43.68,82249.44,0.62767,4569.4133,64,32,8,32,10,22,0.17323,1,8,0.36364,0.081784,0,TRUE
324,142,38,1,144,94,21,261,401,115,662,3141,0.0343,29.1543,91573.516,1.047,5087.4176,82,41,6,41,5,37,0.25694,1,6,0.16216,0.1142,1,TRUE
114,24,27,0,63,29,12,61,98,41,159,590,0.079235,12.6207,7446.2069,0.19667,413.6782,44,22,0,22,10,13,0.20635,1,0,0,0.11404,0,TRUE
68,29,1,0,38,30,14,60,95,44,155,586,0.071429,14,8204,0.19533,455.7778,32,16,3,16,7,10,0.26316,1,3,0.3,0.14706,0,FALSE
149,72,16,0,61,46,17,114,170,63,284,1176,0.047472,21.0652,24772.6957,0.392,1376.2609,42,21,1,21,6,16,0.2623,1,1,0.0625,0.10738,0,FALSE
27,9,1,0,17,19,9,21,35,28,56,186,0.20106,4.9737,925.1053,0.062,51.3947,6,3,3,3,1,3,0.17647,1,3,1,0.11111,0,TRUE
51,21,3,0,27,30,4,53,55,34,108,380,0.28302,3.5333,1342.6667,0.12667,74.5926,0,0,0,0,0,1,0.037037,0,0,0,0.019608,0,FALSE