"X","version","wmc","dit","noc","cbo","rfc","lcom","ca","ce","npm","lcom3","loc","dam","moa","mfa","cam","ic","cbm","amc","max_cc","avg_cc","bug","Original.Release","Faultiness","Order"
1,1.1,2,1,0,8,2,1,7,1,2,2,2,0,0,0,0.666666667,0,0,0,1,1,0,"ivy-1.1",FALSE,"FIRST"
2,1.1,23,1,0,7,52,171,2,5,20,0.837662338,420,1,2,0,0.25,0,0,16.95652174,4,1.4348,3,"ivy-1.1",TRUE,"FIRST"
3,1.1,4,1,0,10,4,6,9,1,4,2,4,0,0,0,0.55,0,0,0,1,1,1,"ivy-1.1",TRUE,"FIRST"
4,1.1,13,4,2,17,57,22,2,15,9,0.25,346,1,1,0.85,0.192307692,3,7,25.53846154,6,1.6154,6,"ivy-1.1",TRUE,"FIRST"
5,1.1,38,2,0,37,153,569,1,37,21,0.89527027,1515,0.875,1,0.307692308,0.122332859,1,1,38.65789474,4,1.5,2,"ivy-1.1",TRUE,"FIRST"
6,1.1,15,4,0,8,51,47,1,8,15,0.785714286,255,1,0,0.777777778,0.366666667,2,4,15.6,1,0.9333,2,"ivy-1.1",TRUE,"FIRST"
7,1.1,6,1,0,13,6,15,11,3,6,2,6,0,0,0,1,0,0,0,1,1,1,"ivy-1.1",TRUE,"FIRST"
8,1.1,4,1,2,4,25,6,2,2,4,2,126,0,0,0,0.625,1,1,30.5,8,2.75,0,"ivy-1.1",FALSE,"FIRST"
9,1.1,8,2,0,7,15,0,4,3,8,0.571428571,83,0,1,0.3,0.34375,1,4,9.125,1,0.875,2,"ivy-1.1",TRUE,"FIRST"
10,1.1,1,1,0,4,1,0,4,1,1,2,1,0,0,0,1,0,0,0,1,1,0,"ivy-1.1",FALSE,"FIRST"
11,1.1,2,5,0,3,5,1,0,3,2,2,12,0,0,0.987654321,1,1,1,5,1,0.5,0,"ivy-1.1",FALSE,"FIRST"
12,1.1,19,1,0,6,25,135,4,2,12,0.944444444,167,0.5625,2,0,0.256578947,0,0,6.947368421,4,1,0,"ivy-1.1",FALSE,"FIRST"
13,1.1,5,1,0,3,17,0,1,2,4,0.416666667,74,1,0,0,0.5,0,0,13.2,4,1.2,3,"ivy-1.1",TRUE,"FIRST"
14,1.1,15,4,0,9,44,63,0,9,15,0.833333333,230,1,0,0.777777778,0.366666667,2,4,13.93333333,1,0.9333,4,"ivy-1.1",TRUE,"FIRST"
15,1.1,7,1,0,7,12,0,5,3,7,0.5,40,1,1,0,0.428571429,0,0,4.428571429,1,0.8571,0,"ivy-1.1",FALSE,"FIRST"
16,1.1,7,1,0,28,7,21,26,2,7,2,7,0,0,0,1,0,0,0,1,1,0,"ivy-1.1",FALSE,"FIRST"
17,1.1,6,1,0,27,13,0,27,0,6,0.2,87,1,0,0,0.444444444,1,1,13.16666667,4,1.3333,2,"ivy-1.1",TRUE,"FIRST"
18,1.1,34,4,0,13,88,433,0,13,32,0.925252525,531,1,0,0.597560976,0.375,2,4,14.17647059,1,0.9706,5,"ivy-1.1",TRUE,"FIRST"
19,1.1,9,2,0,10,36,14,1,10,8,0.5625,159,1,1,0.454545455,0.377777778,0,0,16.44444444,4,1.3333,1,"ivy-1.1",TRUE,"FIRST"
20,1.1,11,1,0,42,27,31,41,1,11,0.3,164,1,1,0,0.340909091,1,1,13.72727273,6,2,3,"ivy-1.1",TRUE,"FIRST"
21,1.1,5,1,0,6,33,10,2,4,5,2,229,0,0,0,0.48,0,0,44.8,7,2,2,"ivy-1.1",TRUE,"FIRST"
22,1.1,3,1,0,2,4,1,2,0,3,0.5,14,1,0,0,0.666666667,0,0,3.333333333,1,0.6667,0,"ivy-1.1",FALSE,"FIRST"
23,1.1,9,1,0,4,19,20,1,3,9,0.1875,82,1,1,0,0.317460317,0,0,7.888888889,2,1,1,"ivy-1.1",TRUE,"FIRST"
24,1.1,13,1,0,2,59,0,1,1,11,0.611111111,682,1,0,0,0.4375,0,0,51.23076923,16,2.9231,0,"ivy-1.1",FALSE,"FIRST"
25,1.1,9,1,0,6,14,24,5,1,9,0.65625,105,1,1,0,0.311111111,1,1,10.22222222,2,0.8889,1,"ivy-1.1",TRUE,"FIRST"
26,1.1,5,1,0,18,52,10,0,18,2,2,489,0,0,0,0.25,0,0,96.8,1,0.8,4,"ivy-1.1",TRUE,"FIRST"
27,1.1,14,3,11,16,49,69,11,7,3,0.807692308,255,1,0,0.755102041,0.285714286,0,0,17.07142857,4,1.9286,6,"ivy-1.1",TRUE,"FIRST"
28,1.1,13,2,0,11,34,0,2,11,13,0.333333333,184,1,2,0.571428571,0.240384615,1,1,13,3,1.2308,2,"ivy-1.1",TRUE,"FIRST"
29,1.1,6,1,0,8,6,15,7,2,6,2,6,0,0,0,1,0,0,0,1,1,1,"ivy-1.1",TRUE,"FIRST"
30,1.1,15,1,0,33,32,13,31,2,13,0.875,211,0.375,1,0,0.160714286,0,0,12.53333333,2,1.4667,4,"ivy-1.1",TRUE,"FIRST"
31,1.1,10,1,0,10,31,0,6,5,10,0.555555556,182,1,1,0,0.266666667,0,0,17,3,1.5,2,"ivy-1.1",TRUE,"FIRST"
32,1.1,3,1,0,14,3,3,13,1,3,2,3,0,0,0,1,0,0,0,1,1,0,"ivy-1.1",FALSE,"FIRST"
33,1.1,2,2,0,3,4,1,1,2,2,2,10,0,0,0.833333333,0.666666667,0,0,4,1,0.5,0,"ivy-1.1",FALSE,"FIRST"
34,1.1,10,1,0,8,10,45,6,2,10,2,10,0,0,0,0.5,0,0,0,1,1,2,"ivy-1.1",TRUE,"FIRST"
35,1.1,5,2,0,6,63,0,1,6,5,0.541666667,435,1,2,0.80952381,0.4,1,1,84.8,1,0.8,4,"ivy-1.1",TRUE,"FIRST"
36,1.1,6,1,0,12,32,15,8,4,6,1.2,152,1,0,0,0.30952381,0,0,24.16666667,1,0.8333,3,"ivy-1.1",TRUE,"FIRST"
37,1.1,11,1,0,7,26,29,4,3,11,0.3,119,1,2,0,0.272727273,1,1,9.636363636,4,1.1818,0,"ivy-1.1",FALSE,"FIRST"
38,1.1,20,1,0,30,20,190,23,7,20,1.052631579,21,0,0,0,0.225,0,0,0,1,1,2,"ivy-1.1",TRUE,"FIRST"
39,1.1,12,6,0,5,24,32,0,5,10,0.818181818,140,0.5,0,0.880434783,0.25,1,1,10.33333333,5,1.5,0,"ivy-1.1",FALSE,"FIRST"
40,1.1,21,2,0,21,114,122,3,19,9,0.9,1472,1,6,0.472222222,0.238888889,1,2,68.0952381,8,1.7619,13,"ivy-1.1",TRUE,"FIRST"
41,1.1,2,2,0,3,6,1,1,2,2,2,48,0,0,0.833333333,0.666666667,0,0,23,6,3,0,"ivy-1.1",FALSE,"FIRST"
42,1.1,4,1,0,2,8,4,0,2,4,0.666666667,24,1,1,0,0.5,0,0,4.75,1,0.75,0,"ivy-1.1",FALSE,"FIRST"
43,1.1,12,1,0,11,17,18,9,4,12,0.681818182,103,1,2,0,0.241666667,0,0,7.083333333,1,0.75,1,"ivy-1.1",TRUE,"FIRST"
44,1.1,4,1,0,10,44,6,1,9,3,2,432,0,0,0,0.357142857,0,0,107,11,3.5,2,"ivy-1.1",TRUE,"FIRST"
45,1.1,13,1,0,17,13,78,15,3,13,2,13,0,0,0,0.487179487,0,0,0,1,1,0,"ivy-1.1",FALSE,"FIRST"
46,1.1,8,1,0,5,17,20,4,1,8,0.5,121,1,1,0,0.34375,1,1,13.625,6,1.5,0,"ivy-1.1",FALSE,"FIRST"
47,1.1,3,1,0,4,4,0,4,0,3,0.5,20,1,0,0,0.666666667,0,0,5,1,0.6667,0,"ivy-1.1",FALSE,"FIRST"
48,1.1,4,1,0,14,4,6,14,0,4,2,4,0,0,0,1,0,0,0,1,1,1,"ivy-1.1",TRUE,"FIRST"
49,1.1,2,1,0,7,21,1,4,4,2,2,88,0,0,0,0.625,0,0,43,1,0.5,1,"ivy-1.1",TRUE,"FIRST"
50,1.1,5,1,0,6,11,0,4,2,5,0.375,41,1,1,0,0.466666667,0,0,6.8,1,0.8,0,"ivy-1.1",FALSE,"FIRST"
51,1.1,2,1,0,10,2,1,10,1,2,2,2,0,0,0,0.666666667,0,0,0,1,1,0,"ivy-1.1",FALSE,"FIRST"
52,1.1,1,1,0,4,1,0,4,1,1,2,1,0,0,0,1,0,0,0,1,1,0,"ivy-1.1",FALSE,"FIRST"
53,1.1,16,4,0,8,43,86,0,8,16,0.857142857,226,1,0,0.765625,0.359375,2,4,12.6875,1,0.9375,3,"ivy-1.1",TRUE,"FIRST"
54,1.1,2,1,0,5,5,1,2,3,2,2,9,0,0,0,0.666666667,0,0,3.5,1,0.5,1,"ivy-1.1",TRUE,"FIRST"
55,1.1,6,1,0,19,81,15,3,17,5,2,681,0,0,0,0.285714286,0,0,112.5,19,4.3333,3,"ivy-1.1",TRUE,"FIRST"
56,1.1,3,2,0,4,19,0,1,3,3,0,57,1,0,0.714285714,0.5,0,0,17.66666667,2,1,0,"ivy-1.1",FALSE,"FIRST"
57,1.1,6,1,0,6,39,13,3,3,4,0.6,193,0,0,0,0.35,0,0,31,1,0.6667,7,"ivy-1.1",TRUE,"FIRST"
58,1.1,18,6,0,8,49,77,1,8,14,0.794117647,340,0.666666667,0,0.826530612,0.240740741,2,2,17.55555556,9,1.7778,0,"ivy-1.1",FALSE,"FIRST"
59,1.1,5,1,0,1,22,8,0,1,5,0.5,97,1,0,0,0.4,0,0,18.2,1,0.6,0,"ivy-1.1",FALSE,"FIRST"
60,1.1,7,1,0,5,8,15,5,0,6,0.5,51,1,0,0,0.535714286,0,0,5.857142857,1,0.5714,0,"ivy-1.1",FALSE,"FIRST"
61,1.1,8,2,0,8,39,24,2,7,5,0.857142857,193,1,2,0.695652174,0.375,0,0,22.875,1,0.875,1,"ivy-1.1",TRUE,"FIRST"
62,1.1,22,4,0,12,64,149,0,12,18,0.863095238,464,1,0,0.7,0.345454545,2,3,19.72727273,1,0.9545,5,"ivy-1.1",TRUE,"FIRST"
63,1.1,6,1,0,2,11,0,1,1,6,0,32,1,0,0,0.583333333,0,0,4.166666667,1,0.8333,0,"ivy-1.1",FALSE,"FIRST"
64,1.1,82,1,0,72,318,3021,37,48,72,0.943883277,3982,0.954545455,4,0,0.087369421,0,0,47.29268293,13,2.1951,36,"ivy-1.1",TRUE,"FIRST"
65,1.1,17,1,4,16,31,120,4,12,16,0.791666667,146,1,1,0,0.183823529,0,0,7.411764706,2,1.1176,3,"ivy-1.1",TRUE,"FIRST"
66,1.1,11,2,0,7,31,45,2,6,6,0.5,166,1,1,0.64,0.363636364,0,0,13.90909091,2,0.9091,1,"ivy-1.1",TRUE,"FIRST"
67,1.1,2,1,0,4,2,1,4,0,2,2,2,0,0,0,0.666666667,0,0,0,1,1,0,"ivy-1.1",FALSE,"FIRST"
68,1.1,10,1,0,6,26,15,1,5,10,0.694444444,125,1,2,0,0.3,1,1,11.1,2,1.1,3,"ivy-1.1",TRUE,"FIRST"
69,1.1,5,1,0,9,8,0,8,2,5,0.5,30,1,1,0,0.466666667,0,0,4.6,1,0.8,0,"ivy-1.1",FALSE,"FIRST"
70,1.1,5,1,0,12,21,0,9,3,5,0,75,1,0,0,0.4,0,0,13.8,2,1,0,"ivy-1.1",FALSE,"FIRST"
71,1.1,5,1,0,3,8,4,2,1,5,0.5,34,1,0,0,0.6,0,0,5.6,2,1,1,"ivy-1.1",TRUE,"FIRST"
72,1.1,2,5,2,5,5,1,2,3,2,2,12,0,0,0.987654321,1,1,1,5,1,0.5,0,"ivy-1.1",FALSE,"FIRST"
73,1.1,32,2,1,31,147,434,2,30,19,0.923387097,1429,0.875,1,0.347826087,0.121442125,1,1,43.40625,5,1.5938,12,"ivy-1.1",TRUE,"FIRST"
74,1.1,3,1,0,9,4,1,9,0,1,0.75,32,0.25,3,0,0.75,0,0,8.333333333,1,0.3333,0,"ivy-1.1",FALSE,"FIRST"
75,1.1,38,1,0,13,86,519,3,10,38,0.866795367,593,1,2,0,0.12406015,0,0,14.23684211,3,1.2895,7,"ivy-1.1",TRUE,"FIRST"
76,1.1,16,1,0,10,46,116,8,2,15,1.007407407,431,0.222222222,0,0,0.219047619,0,0,25.375,8,1.75,2,"ivy-1.1",TRUE,"FIRST"
77,1.1,8,1,0,7,21,0,3,4,7,0.428571429,108,1,0,0,0.5625,0,0,11.875,2,1.25,1,"ivy-1.1",TRUE,"FIRST"
78,1.1,9,2,0,8,18,6,4,4,9,0.770833333,114,1,2,0.272727273,0.444444444,1,4,11,2,1,0,"ivy-1.1",FALSE,"FIRST"
79,1.1,6,1,3,6,7,7,3,3,6,0.7,28,1,1,0,0.444444444,0,0,3.333333333,1,0.8333,0,"ivy-1.1",FALSE,"FIRST"
80,1.1,2,1,0,1,10,1,1,0,2,2,34,0,0,0,0.5,0,0,16,4,2,0,"ivy-1.1",FALSE,"FIRST"
81,1.1,3,1,0,5,3,3,5,0,3,2,3,0,0,0,0.666666667,0,0,0,1,1,1,"ivy-1.1",TRUE,"FIRST"
82,1.1,12,2,0,12,55,0,1,12,12,0.409090909,320,1,0,0.592592593,0.212962963,1,1,25.5,5,1.5833,6,"ivy-1.1",TRUE,"FIRST"
83,1.1,2,1,0,9,2,1,9,0,2,2,2,0,0,0,1,0,0,0,1,1,0,"ivy-1.1",FALSE,"FIRST"
84,1.1,3,1,0,10,4,0,10,1,3,0.5,20,1,1,0,0.555555556,0,0,5,1,0.6667,0,"ivy-1.1",FALSE,"FIRST"
85,1.1,4,1,0,5,18,4,3,2,2,0.833333333,109,0.5,0,0,0.416666667,0,0,24.75,1,0.5,2,"ivy-1.1",TRUE,"FIRST"
86,1.1,20,1,0,14,60,48,6,10,20,0.815789474,515,1,2,0,0.166666667,0,0,24.35,4,1.8,0,"ivy-1.1",FALSE,"FIRST"
87,1.1,3,2,0,4,10,1,1,3,2,0.5,57,1,0,0.833333333,0.666666667,0,0,17.66666667,7,2.3333,0,"ivy-1.1",FALSE,"FIRST"
88,1.1,10,1,0,7,17,27,3,4,10,0.75,69,1,2,0,0.28,1,1,5.5,2,1,1,"ivy-1.1",TRUE,"FIRST"
89,1.1,7,4,0,7,26,0,0,7,7,0.611111111,138,1,0,0.890909091,0.357142857,0,0,18.28571429,1,0.8571,0,"ivy-1.1",FALSE,"FIRST"
90,1.1,4,2,0,4,14,2,2,3,2,0.666666667,89,0.5,0,0.714285714,0.444444444,0,0,20.75,7,2,1,"ivy-1.1",TRUE,"FIRST"
91,1.1,5,1,0,3,17,6,3,0,4,0.95,136,0.8,0,0,0.375,0,0,25.2,2,1,1,"ivy-1.1",TRUE,"FIRST"
92,1.1,17,1,2,7,34,72,3,4,9,0.604166667,217,1,1,0,0.202614379,0,0,11.58823529,3,1.0588,0,"ivy-1.1",FALSE,"FIRST"
93,1.1,13,4,0,3,33,68,0,3,12,0.833333333,184,1,0,0.803278689,0.487179487,0,0,12.76923077,3,1.0769,0,"ivy-1.1",FALSE,"FIRST"
94,1.1,17,4,0,15,78,84,0,15,15,0.8515625,408,1,0,0.753846154,0.254901961,1,1,22.52941176,6,1.2353,0,"ivy-1.1",FALSE,"FIRST"
95,1.1,8,1,0,11,60,28,2,9,7,2,1007,0,0,0,0.333333333,0,0,124.875,11,5.125,0,"ivy-1.1",FALSE,"FIRST"
96,1.1,23,3,1,15,68,127,1,14,8,0.613636364,472,1,0,0.676470588,0.180124224,1,8,19.43478261,4,1.4783,2,"ivy-1.1",TRUE,"FIRST"
97,1.1,67,1,0,30,173,1691,15,21,52,0.881818182,2020,1,6,0,0.122201493,1,1,28.85074627,18,2.3881,25,"ivy-1.1",TRUE,"FIRST"
98,1.1,1,1,0,6,1,0,5,1,1,2,1,0,0,0,1,0,0,0,1,1,1,"ivy-1.1",TRUE,"FIRST"
99,1.1,6,1,0,9,11,9,5,4,5,0.6,46,1,1,0,0.2,0,0,6.5,1,0.6667,0,"ivy-1.1",FALSE,"FIRST"
100,1.1,1,1,0,6,1,0,5,1,1,2,1,0,0,0,1,0,0,0,1,1,0,"ivy-1.1",FALSE,"FIRST"
101,1.1,10,1,0,2,12,25,1,1,10,0.805555556,53,1,0,0,0.7,0,0,3.9,1,0.9,0,"ivy-1.1",FALSE,"FIRST"
102,1.1,6,1,0,6,37,13,2,4,5,0.2,172,1,0,0,0.666666667,0,0,27.5,1,0.6667,2,"ivy-1.1",TRUE,"FIRST"
103,1.1,14,4,0,4,30,55,0,4,14,0.833333333,170,1,0,0.790322581,0.357142857,2,4,10.71428571,1,0.9286,4,"ivy-1.1",TRUE,"FIRST"
104,1.1,9,1,0,13,13,12,11,2,9,0.75,47,1,2,0,0.333333333,0,0,3.888888889,1,0.8889,1,"ivy-1.1",TRUE,"FIRST"
105,1.1,5,1,0,4,16,0,2,2,5,0.583333333,79,0.333333333,0,0,0.466666667,0,0,14.2,2,1,0,"ivy-1.1",FALSE,"FIRST"
106,1.1,17,4,0,12,52,90,2,12,14,0.8125,288,1,0,0.753846154,0.470588235,1,1,15.58823529,3,1.0588,2,"ivy-1.1",TRUE,"FIRST"
107,1.1,6,1,3,6,7,7,3,3,6,0.7,28,1,1,0,0.444444444,0,0,3.333333333,1,0.8333,0,"ivy-1.1",FALSE,"FIRST"
108,1.1,2,1,0,5,22,1,2,3,2,2,138,0,0,0,0.5,0,0,68,1,0.5,2,"ivy-1.1",TRUE,"FIRST"
109,1.1,12,1,0,20,12,66,16,9,12,2,12,0,0,0,0.2,0,0,0,1,1,1,"ivy-1.1",TRUE,"FIRST"
110,1.1,13,1,0,14,58,44,1,13,6,0.592592593,478,1,0,0,0.307692308,0,0,35.07692308,5,1.9231,4,"ivy-1.1",TRUE,"FIRST"
111,1.1,25,4,0,14,65,234,2,13,20,0.904166667,402,1,0,0.671232877,0.37,1,2,14.68,1,0.96,4,"ivy-1.1",TRUE,"FIRST"
112,1.4,1,1,0,4,2,0,1,3,0,2,4,0,0,0,1,0,0,3,0,0,0,"ivy-1.4",FALSE,"FIRST"
113,1.4,7,4,0,2,20,21,1,0,7,2,67,0,0,0.910447761,0.571428571,2,2,8.571428571,2,1,0,"ivy-1.4",FALSE,"FIRST"
114,1.4,7,1,0,6,33,19,3,0,5,0.666666667,179,0,0,0,0.444444444,0,0,24.42857143,1,0.7143,1,"ivy-1.4",TRUE,"FIRST"
115,1.4,27,6,0,14,67,273,1,0,20,0.730769231,483,0.666666667,0,0.826666667,0.145061728,4,6,16.66666667,8,1.8519,0,"ivy-1.4",FALSE,"FIRST"
116,1.4,1,3,0,5,2,0,1,4,1,2,9,0,0,1,1,0,0,7,0,0,0,"ivy-1.4",FALSE,"FIRST"
117,1.4,5,1,0,8,9,8,4,4,3,0.75,29,1,1,0,0.5,0,0,4.6,2,0.8,0,"ivy-1.4",FALSE,"FIRST"
118,1.4,18,2,0,25,85,133,2,0,6,0.781512605,568,1,1,0.272727273,0.31372549,1,3,30.16666667,11,2.0556,0,"ivy-1.4",FALSE,"FIRST"
119,1.4,5,1,0,5,9,8,1,4,3,0.75,29,1,1,0,0.5,0,0,4.6,2,0.8,0,"ivy-1.4",FALSE,"FIRST"
120,1.4,2,3,0,5,5,0,1,4,2,1,22,0.5,1,0.933333333,0.625,0,0,9,1,0.5,0,"ivy-1.4",FALSE,"FIRST"
121,1.4,12,1,0,3,24,0,1,3,11,0.303030303,222,1,1,0,0.316666667,0,0,17,2,1,0,"ivy-1.4",FALSE,"FIRST"
122,1.4,13,1,0,9,51,24,7,3,12,0.65,297,1,0,0,0.346153846,0,0,21.46153846,4,1.8462,0,"ivy-1.4",FALSE,"FIRST"
123,1.4,1,1,0,4,1,0,2,0,1,2,1,0,0,0,1,0,0,0,1,1,0,"ivy-1.4",FALSE,"FIRST"
124,1.4,20,2,0,19,84,88,1,0,14,0.719298246,685,1,0,0.672413793,0.166666667,1,3,33.1,5,1.75,0,"ivy-1.4",FALSE,"FIRST"
125,1.4,3,1,3,4,4,1,3,1,2,0,16,1,0,0,0.666666667,0,0,4,1,0.6667,0,"ivy-1.4",FALSE,"FIRST"
126,1.4,3,2,0,3,9,3,1,0,3,2,27,0,0,0.777777778,0.833333333,1,1,8,1,0.6667,0,"ivy-1.4",FALSE,"FIRST"
127,1.4,23,1,0,16,74,171,7,12,22,0.828282828,610,1,2,0,0.147826087,0,0,25.13043478,4,1.8261,0,"ivy-1.4",FALSE,"FIRST"
128,1.4,20,1,5,14,44,112,7,7,10,0.614035088,255,1,1,0,0.177272727,0,0,11.6,3,1.2,1,"ivy-1.4",TRUE,"FIRST"
129,1.4,13,4,0,3,34,68,0,3,12,0.833333333,191,1,0,0.835616438,0.487179487,0,0,13.30769231,3,1.0769,0,"ivy-1.4",FALSE,"FIRST"
130,1.4,8,2,0,12,29,26,3,0,6,0.714285714,99,1,1,0.142857143,0.238095238,1,1,11.25,1,0.75,1,"ivy-1.4",TRUE,"FIRST"
131,1.4,2,3,0,3,5,0,1,2,1,0,15,1,0,1,1,0,0,6,0,0,0,"ivy-1.4",FALSE,"FIRST"
132,1.4,1,1,0,6,1,0,5,1,1,2,1,0,0,0,1,0,0,0,1,1,0,"ivy-1.4",FALSE,"FIRST"
133,1.4,3,1,0,11,40,1,1,0,3,0,212,1,0,0,0.416666667,0,0,69.33333333,4,1.6667,0,"ivy-1.4",FALSE,"FIRST"
134,1.4,9,1,0,16,43,36,4,14,9,2,143,0,0,0,0.181818182,0,0,14.88888889,3,1.6667,0,"ivy-1.4",FALSE,"FIRST"
135,1.4,5,2,0,5,14,10,1,0,5,2,43,0,0,0.636363636,0.666666667,2,2,7.6,2,1.2,0,"ivy-1.4",FALSE,"FIRST"
136,1.4,7,2,0,5,18,0,1,0,7,0,125,1,0,0.538461538,0.464285714,1,1,16.71428571,3,1.8571,1,"ivy-1.4",TRUE,"FIRST"
137,1.4,18,4,5,29,96,85,5,0,12,0.588235294,669,1,1,0.861788618,0.205882353,3,7,36.05555556,10,2.1111,1,"ivy-1.4",TRUE,"FIRST"
138,1.4,35,4,0,11,78,439,2,10,35,0.909926471,564,1,0,0.642105263,0.371428571,3,4,14.65714286,3,1.0286,1,"ivy-1.4",TRUE,"FIRST"
139,1.4,2,4,0,4,4,0,2,2,2,0,14,1,1,0.944444444,0.75,0,0,5.5,1,0.5,0,"ivy-1.4",FALSE,"FIRST"
140,1.4,2,1,0,4,2,1,4,1,2,2,4,0,0,0,0.666666667,0,0,0,1,1,0,"ivy-1.4",FALSE,"FIRST"
141,1.4,3,2,3,7,8,1,3,4,2,0.5,28,1,1,0.857142857,0.583333333,0,0,8,1,0.6667,0,"ivy-1.4",FALSE,"FIRST"
142,1.4,10,1,0,26,111,45,5,23,9,2,957,0,0,0,0.3,0,0,94.7,25,3.7,0,"ivy-1.4",FALSE,"FIRST"
143,1.4,1,1,0,6,1,0,6,1,1,2,1,0,0,0,1,0,0,0,1,1,0,"ivy-1.4",FALSE,"FIRST"
144,1.4,10,2,0,7,30,25,2,6,8,0.518518519,189,1,1,0.703703704,0.55,1,2,17.6,2,0.9,0,"ivy-1.4",FALSE,"FIRST"
145,1.4,20,2,0,7,29,154,4,4,13,0.967418546,213,0.428571429,2,0.413793103,0.233333333,0,0,8.6,4,1.05,0,"ivy-1.4",FALSE,"FIRST"
146,1.4,6,1,0,6,22,0,2,5,5,0.466666667,89,1,0,0,0.55,0,0,13.33333333,4,1.1667,0,"ivy-1.4",FALSE,"FIRST"
147,1.4,6,1,0,2,9,9,1,0,6,0.4,40,1,0,0,0.666666667,0,0,5.5,2,1,0,"ivy-1.4",FALSE,"FIRST"
148,1.4,3,1,0,10,4,1,10,0,1,0.75,32,0.25,3,0,0.75,0,0,8.333333333,1,0.3333,0,"ivy-1.4",FALSE,"FIRST"
149,1.4,12,5,0,3,25,66,0,0,12,2,67,0,0,0.917910448,0.472222222,1,1,4.583333333,1,0.9167,0,"ivy-1.4",FALSE,"FIRST"
150,1.4,28,1,0,20,83,374,15,0,25,1.012345679,926,0.166666667,0,0,0.226337449,0,0,31.64285714,22,2.4643,0,"ivy-1.4",FALSE,"FIRST"
151,1.4,3,1,0,1,4,1,1,0,3,0.5,14,1,0,0,0.666666667,0,0,3.333333333,1,0.6667,0,"ivy-1.4",FALSE,"FIRST"
152,1.4,7,1,0,6,25,15,6,0,5,0.5,1207,1,0,0,0.291666667,0,0,171.2857143,4,2.4286,0,"ivy-1.4",FALSE,"FIRST"
153,1.4,10,1,2,8,15,29,2,6,8,0.777777778,67,1,1,0,0.65,0,0,5.3,2,1,0,"ivy-1.4",FALSE,"FIRST"
154,1.4,3,1,0,10,4,0,10,1,3,0.5,20,1,1,0,0.555555556,0,0,5,1,0.6667,0,"ivy-1.4",FALSE,"FIRST"
155,1.4,4,2,0,6,10,4,1,5,2,0.666666667,27,1,1,0.5,0.5,0,0,5.5,1,0.5,0,"ivy-1.4",FALSE,"FIRST"
156,1.4,1,3,0,3,2,0,1,3,1,2,9,0,0,1,1,0,0,7,0,0,0,"ivy-1.4",FALSE,"FIRST"
157,1.4,22,1,1,22,72,121,14,9,22,0.87755102,469,1,1,0,0.166666667,0,0,20,8,1.8182,0,"ivy-1.4",FALSE,"FIRST"
158,1.4,10,1,0,2,16,23,1,2,9,0.5,88,1,1,0,0.433333333,0,0,7.2,2,1,0,"ivy-1.4",FALSE,"FIRST"
159,1.4,5,2,0,4,21,0,0,0,4,0.166666667,144,1,0,0.636363636,0.533333333,1,1,27.2,5,2.4,0,"ivy-1.4",FALSE,"FIRST"
160,1.4,14,3,0,17,65,91,3,16,7,2,440,0,0,0.74,0.276785714,2,3,30.42857143,1,0.9286,0,"ivy-1.4",FALSE,"FIRST"
161,1.4,12,4,0,7,23,30,0,7,12,0.8,121,1,0,0.847222222,0.708333333,0,0,8.666666667,1,0.9167,0,"ivy-1.4",FALSE,"FIRST"
162,1.4,3,5,2,13,34,3,2,11,1,2,152,0,0,0.977011494,1,0,0,49.66666667,1,0.6667,0,"ivy-1.4",FALSE,"FIRST"
163,1.4,1,1,0,22,1,0,22,0,1,2,1,0,0,0,1,0,0,0,1,1,0,"ivy-1.4",FALSE,"FIRST"
164,1.4,3,3,0,8,15,0,1,7,3,0.833333333,78,0.666666667,2,0.875,0.444444444,0,0,24,1,0.6667,0,"ivy-1.4",FALSE,"FIRST"
165,1.4,3,1,0,4,4,0,4,0,3,0.5,20,1,0,0,0.666666667,0,0,5,1,0.6667,0,"ivy-1.4",FALSE,"FIRST"
166,1.4,9,1,6,11,12,28,6,0,9,0.75,45,1,1,0,0.333333333,0,0,3.777777778,1,0.7778,0,"ivy-1.4",FALSE,"FIRST"
167,1.4,7,1,2,4,13,21,2,0,7,2,43,0,0,0,0.761904762,0,0,5.142857143,1,0.8571,0,"ivy-1.4",FALSE,"FIRST"
168,1.4,8,1,0,10,27,28,5,0,4,2,198,0,0,0,0.71875,0,0,23.75,2,1,0,"ivy-1.4",FALSE,"FIRST"
169,1.4,2,1,0,11,2,1,10,1,2,2,2,0,0,0,0.75,0,0,0,1,1,0,"ivy-1.4",FALSE,"FIRST"
170,1.4,4,1,0,5,9,0,4,0,4,0.333333333,34,1,1,0,0.5,0,0,7,1,0.75,0,"ivy-1.4",FALSE,"FIRST"
171,1.4,4,1,0,6,10,6,4,2,4,2,63,0,0,0,0.333333333,0,0,14.75,2,1.25,0,"ivy-1.4",FALSE,"FIRST"
172,1.4,11,1,0,13,12,55,11,2,10,1,20,0,1,0,0.52,0,0,0.727272727,1,0.9091,0,"ivy-1.4",FALSE,"FIRST"
173,1.4,4,2,0,6,10,4,1,5,2,0.666666667,27,1,1,0.5,0.5,0,0,5.5,1,0.5,0,"ivy-1.4",FALSE,"FIRST"
174,1.4,5,2,0,9,39,4,2,7,5,0.666666667,228,1,2,0.826086957,0.6,1,1,44,1,0.8,0,"ivy-1.4",FALSE,"FIRST"
175,1.4,11,1,0,3,19,1,2,2,11,0.45,67,1,1,0,0.318181818,0,0,4.909090909,1,0.9091,0,"ivy-1.4",FALSE,"FIRST"
176,1.4,6,1,5,8,7,7,5,3,6,0.7,28,1,1,0,0.444444444,0,0,3.333333333,1,0.8333,0,"ivy-1.4",FALSE,"FIRST"
177,1.4,2,1,1,6,4,1,3,3,2,2,8,0,0,0,0.625,0,0,3,1,0.5,0,"ivy-1.4",FALSE,"FIRST"
178,1.4,16,1,0,10,51,70,2,9,11,0.5,205,1,0,0,0.28125,0,0,11.6875,5,1.4375,0,"ivy-1.4",FALSE,"FIRST"
179,1.4,4,1,0,12,4,6,11,3,4,2,4,0,0,0,0.5,0,0,0,1,1,1,"ivy-1.4",TRUE,"FIRST"
180,1.4,22,4,0,7,36,161,0,7,22,0.895238095,243,1,0,0.743902439,0.363636364,2,2,9.590909091,1,0.9545,0,"ivy-1.4",FALSE,"FIRST"
181,1.4,7,1,0,9,12,0,7,3,7,0.5,40,1,1,0,0.428571429,0,0,4.428571429,1,0.8571,0,"ivy-1.4",FALSE,"FIRST"
182,1.4,4,1,0,6,17,0,4,0,2,0.666666667,58,0.5,1,0,0.833333333,0,0,13,2,0.75,0,"ivy-1.4",FALSE,"FIRST"
183,1.4,2,1,0,4,9,1,1,3,2,2,43,0,0,0,0.5,1,1,20.5,7,3.5,0,"ivy-1.4",FALSE,"FIRST"
184,1.4,12,2,0,9,21,34,4,5,12,0.772727273,150,1,2,0.473684211,0.316666667,1,8,10.83333333,2,0.9167,0,"ivy-1.4",FALSE,"FIRST"
185,1.4,4,2,0,5,6,4,1,4,2,0.666666667,21,1,1,0.5,0.5,0,0,4,1,0.5,0,"ivy-1.4",FALSE,"FIRST"
186,1.4,11,1,0,16,16,31,14,4,8,0.8,77,0.833333333,3,0,0.26,0,0,5.454545455,1,0.8182,0,"ivy-1.4",FALSE,"FIRST"
187,1.4,2,1,0,15,2,1,15,0,2,2,2,0,0,0,1,0,0,0,1,1,0,"ivy-1.4",FALSE,"FIRST"
188,1.4,5,6,0,8,31,4,0,8,5,0.5,108,1,0,0.956043956,0.466666667,1,1,20.4,2,1,0,"ivy-1.4",FALSE,"FIRST"
189,1.4,37,4,0,17,91,506,0,17,31,0.905555556,620,1,0,0.628865979,0.412162162,2,2,15.35135135,1,0.973,0,"ivy-1.4",FALSE,"FIRST"
190,1.4,13,6,0,17,61,72,1,0,11,0.666666667,380,1,0,0.920289855,0.207692308,4,6,28.15384615,5,1.3846,0,"ivy-1.4",FALSE,"FIRST"
191,1.4,2,2,0,3,4,1,1,2,2,2,10,0,0,0.833333333,0.666666667,0,0,4,1,0.5,0,"ivy-1.4",FALSE,"FIRST"
192,1.4,13,2,0,10,33,52,6,4,13,0.333333333,206,1,2,0.45,0.282051282,1,1,14.69230769,5,1.1538,0,"ivy-1.4",FALSE,"FIRST"
193,1.4,1,1,0,6,1,0,4,2,1,2,1,0,0,0,1,0,0,0,1,1,0,"ivy-1.4",FALSE,"FIRST"
194,1.4,15,1,0,14,20,49,12,4,15,0.765306122,127,1,2,0,0.26,0,0,7,1,0.7333,0,"ivy-1.4",FALSE,"FIRST"
195,1.4,5,1,0,10,48,10,1,9,4,2,489,0,0,0,0.314285714,0,0,96.8,13,3.4,0,"ivy-1.4",FALSE,"FIRST"
196,1.4,20,1,0,37,20,190,32,6,20,2,20,0,0,0,0.3625,0,0,0,1,1,0,"ivy-1.4",FALSE,"FIRST"
197,1.4,6,1,0,6,38,13,2,4,5,0.2,180,1,0,0,0.666666667,0,0,28.83333333,1,0.6667,0,"ivy-1.4",FALSE,"FIRST"
198,1.4,8,5,0,6,28,0,0,6,8,0.619047619,110,1,0,0.923913043,0.458333333,1,2,12.375,1,0.875,0,"ivy-1.4",FALSE,"FIRST"
199,1.4,5,1,1,11,11,0,9,0,5,0.375,41,1,1,0,0.466666667,0,0,6.8,1,0.8,0,"ivy-1.4",FALSE,"FIRST"
200,1.4,1,1,0,6,1,0,4,2,1,2,1,0,0,0,1,0,0,0,1,1,0,"ivy-1.4",FALSE,"FIRST"
201,1.4,5,1,0,5,9,8,1,4,3,0.75,29,1,1,0,0.5,0,0,4.6,2,0.8,0,"ivy-1.4",FALSE,"FIRST"
202,1.4,12,1,0,17,58,66,12,0,11,1.090909091,347,1,0,0,0.183333333,0,0,27.83333333,4,1.5833,0,"ivy-1.4",FALSE,"FIRST"
203,1.4,4,1,0,4,7,0,1,3,4,0.333333333,31,1,2,0,0.4375,0,0,6.25,2,1,0,"ivy-1.4",FALSE,"FIRST"
204,1.4,7,1,0,10,60,21,2,0,6,2,936,0,0,0,0.285714286,0,0,132.7142857,11,5.1429,1,"ivy-1.4",TRUE,"FIRST"
205,1.4,10,2,3,5,21,0,4,0,9,0,83,1,1,0.968253968,0.5,0,0,7.2,1,0.2,0,"ivy-1.4",FALSE,"FIRST"
206,1.4,6,2,3,5,13,0,3,2,6,0.2,76,1,0,0.6,0.458333333,1,1,11.5,7,1.6667,0,"ivy-1.4",FALSE,"FIRST"
207,1.4,5,2,1,4,9,10,3,1,5,2,31,0,0,0.75,0.5,1,2,5.2,1,0.6,0,"ivy-1.4",FALSE,"FIRST"
208,1.4,25,4,2,12,51,234,2,10,22,0.875,451,1,1,0.717647059,0.35,1,1,16.6,12,1.48,1,"ivy-1.4",TRUE,"FIRST"
209,1.4,4,3,0,2,8,6,2,0,4,1.333333333,21,1,0,1,0.666666667,0,0,4,0,0,0,"ivy-1.4",FALSE,"FIRST"
210,1.4,32,4,0,15,86,348,0,15,27,0.888337469,660,1,0,0.663043478,0.35,2,3,19.21875,1,0.9688,0,"ivy-1.4",FALSE,"FIRST"
211,1.4,5,5,0,4,18,8,1,0,4,0.5,78,1,0,0.976190476,0.625,2,2,14.2,3,1,0,"ivy-1.4",FALSE,"FIRST"
212,1.4,13,1,5,21,33,44,17,5,6,0.555555556,162,1,1,0,0.188034188,1,1,11.23076923,5,1.2308,0,"ivy-1.4",FALSE,"FIRST"
213,1.4,9,2,0,11,28,22,4,8,7,0.5,127,1,1,0.125,0.25,1,1,12.88888889,2,1,0,"ivy-1.4",FALSE,"FIRST"
214,1.4,205,1,0,154,583,20326,84,98,179,0.969309463,8095,0.97826087,7,0,0.068627451,0,0,38.26341463,20,2.122,3,"ivy-1.4",TRUE,"FIRST"
215,1.4,2,4,0,2,18,0,1,1,2,0,102,1,0,0.983870968,0.666666667,1,1,49,3,1.5,0,"ivy-1.4",FALSE,"FIRST"
216,1.4,2,1,3,8,5,1,3,5,2,2,15,0,0,0,0.625,0,0,6.5,1,0.5,1,"ivy-1.4",TRUE,"FIRST"
217,1.4,3,1,0,11,22,3,0,0,3,2,101,0,0,0,0.416666667,0,0,32.66666667,2,1.3333,0,"ivy-1.4",FALSE,"FIRST"
218,1.4,5,1,0,14,21,0,11,3,5,0,75,1,0,0,0.4,0,0,13.8,2,1,0,"ivy-1.4",FALSE,"FIRST"
219,1.4,3,1,0,8,20,1,2,0,3,0,155,1,0,0,0.444444444,0,0,50,4,2,0,"ivy-1.4",FALSE,"FIRST"
220,1.4,11,1,0,11,24,17,7,4,10,0.54,107,1,0,0,0.393939394,0,0,8.272727273,2,1.1818,0,"ivy-1.4",FALSE,"FIRST"
221,1.4,2,1,0,9,12,1,1,8,1,2,59,0,0,0,0.5,0,0,28.5,1,0.5,0,"ivy-1.4",FALSE,"FIRST"
222,1.4,8,2,0,15,52,16,1,0,5,0.666666667,335,1,1,0.730769231,0.46875,1,2,40.5,2,1,0,"ivy-1.4",FALSE,"FIRST"
223,1.4,9,1,0,4,11,28,3,1,9,0.875,60,1,2,0,0.481481481,0,0,5.222222222,2,1.1111,0,"ivy-1.4",FALSE,"FIRST"
224,1.4,3,1,0,5,31,3,1,0,3,2,223,0,0,0,0.555555556,0,0,73.33333333,8,5.3333,0,"ivy-1.4",FALSE,"FIRST"
225,1.4,3,1,0,13,23,0,4,11,2,1,201,1,3,0,0.583333333,0,0,64,6,3.3333,0,"ivy-1.4",FALSE,"FIRST"
226,1.4,1,1,0,8,1,0,6,0,1,2,1,0,0,0,1,0,0,0,1,1,0,"ivy-1.4",FALSE,"FIRST"
227,1.4,11,5,2,6,28,49,2,0,10,0.8,95,1,0,0.92481203,0.431818182,2,2,7.545454545,2,1.0909,0,"ivy-1.4",FALSE,"FIRST"
228,1.4,7,4,0,7,26,0,0,7,7,0.611111111,145,1,0,0.910447761,0.357142857,0,0,19.28571429,1,0.8571,0,"ivy-1.4",FALSE,"FIRST"
229,1.4,8,1,0,9,21,28,4,5,8,2,141,0,0,0,0.3125,0,0,16.625,6,2.75,0,"ivy-1.4",FALSE,"FIRST"
230,1.4,22,4,0,9,54,149,0,9,18,0.851190476,558,1,0,0.743902439,0.53030303,0,0,24,13,2.0455,0,"ivy-1.4",FALSE,"FIRST"
231,1.4,2,1,0,24,2,1,23,1,2,2,7,0,0,0,0.75,0,0,0,1,1,0,"ivy-1.4",FALSE,"FIRST"
232,1.4,4,4,0,9,37,0,0,9,4,0,190,1,0,0.953125,0.625,3,5,46.25,1,0.75,0,"ivy-1.4",FALSE,"FIRST"
233,1.4,3,2,2,7,10,0,2,5,2,0.5,38,1,2,0.857142857,0.466666667,0,0,11,1,0.6667,0,"ivy-1.4",FALSE,"FIRST"
234,1.4,9,1,0,6,18,0,2,0,9,0.5,65,0.5,2,0,0.407407407,0,0,6,1,0.8889,0,"ivy-1.4",FALSE,"FIRST"
235,1.4,3,6,0,3,7,3,0,0,3,2,17,0,0,0.985185185,1,1,1,4.666666667,1,0.6667,0,"ivy-1.4",FALSE,"FIRST"
236,1.4,9,2,0,12,29,30,3,10,5,0.90625,242,0.75,3,0.125,0.21875,1,1,25.44444444,4,1.1111,1,"ivy-1.4",TRUE,"FIRST"
237,1.4,19,2,2,7,45,129,3,4,15,0.817460317,311,1,0,0.513513514,0.315789474,0,0,15,8,1.4211,0,"ivy-1.4",FALSE,"FIRST"
238,1.4,3,1,0,2,5,0,1,1,3,0,22,1,1,0,0.555555556,0,0,6,2,1,0,"ivy-1.4",FALSE,"FIRST"
239,1.4,3,1,0,4,13,0,1,3,3,0.5,60,1,4,0,0.666666667,0,0,17.66666667,3,1.3333,0,"ivy-1.4",FALSE,"FIRST"
240,1.4,40,1,3,28,80,726,4,0,30,0.829059829,508,1,3,0,0.1078125,0,0,11.475,6,1.5,0,"ivy-1.4",FALSE,"FIRST"
241,1.4,8,1,0,52,8,28,49,3,8,2,8,0,0,0,1,0,0,0,1,1,0,"ivy-1.4",FALSE,"FIRST"
242,1.4,6,1,0,6,11,13,2,4,4,0.8,42,1,1,0,0.6,0,0,5.833333333,3,1.1667,0,"ivy-1.4",FALSE,"FIRST"
243,1.4,20,2,0,102,55,174,99,4,20,0.729323308,548,1,1,0.36,0.283333333,1,1,26.05,10,2,0,"ivy-1.4",FALSE,"FIRST"
244,1.4,21,1,0,5,79,58,3,0,18,0.7,948,1,0,0,0.292857143,0,0,43.95238095,18,2.619,1,"ivy-1.4",TRUE,"FIRST"
245,1.4,13,3,0,12,26,48,10,3,12,0.633333333,242,1,1,0.545454545,0.222222222,1,1,17.23076923,6,1.5385,0,"ivy-1.4",FALSE,"FIRST"
246,1.4,16,4,0,7,26,68,0,7,16,0.847619048,172,1,0,0.802631579,0.71875,0,0,9.3125,1,0.9375,0,"ivy-1.4",FALSE,"FIRST"
247,1.4,15,2,0,11,39,0,1,0,15,0.547619048,217,1,2,0.735849057,0.222222222,1,2,13.26666667,3,1.2,0,"ivy-1.4",FALSE,"FIRST"
248,1.4,21,1,0,72,47,168,70,0,19,0.95,382,0.5,0,0,0.1375,0,0,16.71428571,8,1.8571,0,"ivy-1.4",FALSE,"FIRST"
249,1.4,12,1,0,8,19,44,4,4,12,0.833333333,85,1,3,0,0.236111111,1,1,5.583333333,2,1,0,"ivy-1.4",FALSE,"FIRST"
250,1.4,23,1,0,63,23,253,55,11,23,1.045454545,25,0,0,0,0.168478261,0,0,0,1,1,0,"ivy-1.4",FALSE,"FIRST"
251,1.4,17,4,0,15,78,84,0,15,15,0.8515625,413,1,0,0.792207792,0.254901961,1,1,22.82352941,6,1.2353,0,"ivy-1.4",FALSE,"FIRST"
252,1.4,25,3,1,15,85,210,1,0,10,0.75,542,1,0,0.783018868,0.192307692,1,5,20.52,6,1.6,0,"ivy-1.4",FALSE,"FIRST"
253,1.4,11,1,0,11,51,37,4,8,5,0.566666667,349,1,1,0,0.383333333,0,0,30.45454545,8,1.8182,0,"ivy-1.4",FALSE,"FIRST"
254,1.4,10,1,0,2,12,25,1,1,10,0.805555556,53,1,0,0,0.7,0,0,3.9,1,0.9,0,"ivy-1.4",FALSE,"FIRST"
255,1.4,4,1,0,2,6,0,1,1,4,0.333333333,35,1,2,0,0.5,0,0,7.25,3,1.25,0,"ivy-1.4",FALSE,"FIRST"
256,1.4,10,2,0,10,41,15,0,10,8,0.694444444,214,1,0,0.5,0.4,0,0,20,7,1.6,0,"ivy-1.4",FALSE,"FIRST"
257,1.4,2,3,0,8,7,0,1,7,2,1,37,0.5,1,0.933333333,0.6,0,0,16.5,1,0.5,0,"ivy-1.4",FALSE,"FIRST"
258,1.4,14,1,0,10,34,65,1,0,13,0.355769231,207,1,0,0,0.404761905,0,0,13.21428571,3,1.1429,0,"ivy-1.4",FALSE,"FIRST"
259,1.4,7,1,0,3,33,17,2,0,4,0.666666667,274,1,0,0,0.375,0,0,37.85714286,4,1.2857,0,"ivy-1.4",FALSE,"FIRST"
260,1.4,15,1,0,16,29,81,14,3,11,0.836734694,149,1,2,0,0.193877551,0,0,8.466666667,2,1.2,0,"ivy-1.4",FALSE,"FIRST"
261,1.4,6,6,0,3,20,15,0,0,6,2,61,0,0,0.963768116,0.833333333,1,1,9.166666667,3,1.1667,0,"ivy-1.4",FALSE,"FIRST"
262,1.4,16,4,0,8,37,86,0,8,16,0.857142857,265,1,0,0.802631579,0.359375,2,4,15.125,1,0.9375,0,"ivy-1.4",FALSE,"FIRST"
263,1.4,13,2,0,10,50,46,0,10,10,0.783333333,267,1,0,0.428571429,0.323076923,0,0,19.15384615,8,1.5385,0,"ivy-1.4",FALSE,"FIRST"
264,1.4,4,4,0,2,8,6,2,0,4,2,20,0,0,1,0.666666667,0,0,4,0,0,0,"ivy-1.4",FALSE,"FIRST"
265,1.4,6,1,0,4,6,15,4,0,6,2,6,0,0,0,0.75,0,0,0,1,1,0,"ivy-1.4",FALSE,"FIRST"
266,1.4,15,1,0,8,36,35,2,6,15,0.666666667,214,1,3,0,0.25,1,1,12.86666667,3,1.0667,0,"ivy-1.4",FALSE,"FIRST"
267,1.4,1,1,0,8,1,0,7,1,1,2,1,0,0,0,1,0,0,0,1,1,0,"ivy-1.4",FALSE,"FIRST"
268,1.4,9,1,0,3,11,26,2,1,9,0.85,60,1,0,0,0.361111111,0,0,5.111111111,1,0.8889,0,"ivy-1.4",FALSE,"FIRST"
269,1.4,9,1,0,41,17,6,41,0,9,0.59375,148,0.75,0,0,0.407407407,1,1,15,4,1.3333,0,"ivy-1.4",FALSE,"FIRST"
270,1.4,9,2,0,10,36,14,1,10,8,0.5625,166,1,1,0.454545455,0.377777778,0,0,17.22222222,4,1.4444,0,"ivy-1.4",FALSE,"FIRST"
271,1.4,56,1,0,33,146,1146,12,23,56,0.853535354,1086,1,5,0,0.079545455,0,0,18.07142857,6,1.4107,0,"ivy-1.4",FALSE,"FIRST"
272,1.4,4,2,0,4,13,0,1,0,3,0.333333333,41,1,1,0.8125,0.583333333,1,2,9,1,0.75,0,"ivy-1.4",FALSE,"FIRST"
273,1.4,4,1,0,9,4,6,9,0,4,2,4,0,0,0,0.75,0,0,0,1,1,0,"ivy-1.4",FALSE,"FIRST"
274,1.4,8,1,0,29,103,28,0,29,2,2,1168,0,0,0,0.285714286,0,0,145,3,1.25,0,"ivy-1.4",FALSE,"FIRST"
275,1.4,10,1,3,4,16,25,3,1,7,0.722222222,130,1,0,0,0.45,0,0,11.4,2,1,0,"ivy-1.4",FALSE,"FIRST"
276,1.4,8,1,0,10,8,28,8,3,8,2,8,0,0,0,1,0,0,0,1,1,0,"ivy-1.4",FALSE,"FIRST"
277,1.4,6,4,0,7,22,0,0,7,6,0.4,141,1,0,0.924242424,0.666666667,1,1,22.16666667,1,0.8333,0,"ivy-1.4",FALSE,"FIRST"
278,1.4,2,1,0,22,2,1,22,0,2,2,2,0,0,0,0.75,0,0,0,1,1,0,"ivy-1.4",FALSE,"FIRST"
279,1.4,2,1,0,3,6,0,1,2,2,0,26,1,0,0,0.666666667,0,0,11.5,2,1,0,"ivy-1.4",FALSE,"FIRST"
280,1.4,6,1,0,1,7,3,1,0,6,0.6,34,1,0,0,0.555555556,0,0,4.333333333,1,0.6667,0,"ivy-1.4",FALSE,"FIRST"
281,1.4,8,1,0,12,17,20,11,1,8,0.5,121,1,1,0,0.34375,1,1,13.625,6,1.5,0,"ivy-1.4",FALSE,"FIRST"
282,1.4,7,1,0,38,7,21,38,0,7,2,7,0,0,0,0.571428571,0,0,0,1,1,0,"ivy-1.4",FALSE,"FIRST"
283,1.4,6,1,0,10,47,7,1,9,4,0.466666667,258,1,0,0,0.416666667,0,0,41.5,5,2.1667,0,"ivy-1.4",FALSE,"FIRST"
284,1.4,20,3,0,12,79,144,2,11,14,0.885964912,785,1,0,0.660714286,0.227777778,2,3,37.95,3,1.1,0,"ivy-1.4",FALSE,"FIRST"
285,1.4,54,2,0,15,138,1241,7,0,16,0.877358491,1573,1,1,0.267605634,0.205450734,1,1,27.7962963,5,1.2037,0,"ivy-1.4",FALSE,"FIRST"
286,1.4,8,2,0,5,32,20,0,5,4,0.5,222,1,0,0.416666667,0.4,0,0,26.5,5,2,0,"ivy-1.4",FALSE,"FIRST"
287,1.4,11,1,0,15,15,29,12,3,11,0.825,57,1,3,0,0.272727273,0,0,3.818181818,1,0.9091,0,"ivy-1.4",FALSE,"FIRST"
288,1.4,5,1,0,2,17,0,0,2,5,0.583333333,103,0.333333333,0,0,0.466666667,0,0,19,5,1.6,0,"ivy-1.4",FALSE,"FIRST"
289,1.4,4,1,0,3,21,6,2,1,4,2,97,0,0,0,0.4,0,0,23.25,3,2,0,"ivy-1.4",FALSE,"FIRST"
290,1.4,3,2,0,4,19,0,1,3,3,0,57,1,0,0.714285714,0.5,0,0,17.66666667,2,1,0,"ivy-1.4",FALSE,"FIRST"
291,1.4,16,1,0,7,70,118,2,6,8,0.666666667,1102,0,0,0,0.3203125,0,0,67.8125,1,0.9375,0,"ivy-1.4",FALSE,"FIRST"
292,1.4,21,4,0,15,86,138,0,15,17,0.85625,570,1,0,0.75308642,0.176190476,2,3,25.76190476,4,1.1905,0,"ivy-1.4",FALSE,"FIRST"
293,1.4,5,1,0,2,22,8,1,0,5,0.5,97,1,0,0,0.4,0,0,18.2,1,0.6,0,"ivy-1.4",FALSE,"FIRST"
294,1.4,5,1,0,2,6,8,1,1,3,0.75,20,1,1,0,0.5,0,0,2.8,1,0.6,0,"ivy-1.4",FALSE,"FIRST"
295,1.4,3,3,0,6,9,0,1,5,3,0.833333333,41,0.666666667,2,0.875,0.466666667,0,0,11.66666667,1,0.6667,0,"ivy-1.4",FALSE,"FIRST"
296,1.4,2,6,0,9,9,1,0,9,1,2,27,0,0,0.961538462,0.666666667,1,1,12.5,1,0.5,0,"ivy-1.4",FALSE,"FIRST"
297,1.4,3,1,0,3,3,3,2,0,3,2,3,0,0,0,0.666666667,0,0,0,1,1,0,"ivy-1.4",FALSE,"FIRST"
298,1.4,13,1,0,28,13,78,24,9,13,2,13,0,0,0,0.185897436,0,0,0,1,1,0,"ivy-1.4",FALSE,"FIRST"
299,1.4,27,4,0,14,69,273,2,13,22,0.909090909,436,1,0,0.701149425,0.296296296,1,2,14.74074074,1,0.963,0,"ivy-1.4",FALSE,"FIRST"
300,1.4,5,5,1,4,11,10,1,0,4,2,28,0,0,0.968503937,0.6,1,1,4.6,1,0.8,0,"ivy-1.4",FALSE,"FIRST"
301,1.4,5,1,0,9,8,0,8,2,5,0.5,30,1,1,0,0.466666667,0,0,4.6,1,0.8,0,"ivy-1.4",FALSE,"FIRST"
302,1.4,2,5,2,5,5,1,2,0,2,2,12,0,0,0.991935484,1,1,1,5,1,0.5,0,"ivy-1.4",FALSE,"FIRST"
303,1.4,46,2,1,47,229,957,4,0,24,0.935555556,2754,0.9,1,0.469879518,0.119298246,2,4,58.65217391,10,1.6739,0,"ivy-1.4",FALSE,"FIRST"
304,1.4,5,1,0,13,5,10,12,2,5,2,5,0,0,0,0.666666667,0,0,0,1,1,0,"ivy-1.4",FALSE,"FIRST"
305,1.4,7,1,1,5,14,13,1,4,7,0.75,56,1,1,0,0.314285714,0,0,6.714285714,3,1.1429,0,"ivy-1.4",FALSE,"FIRST"
306,1.4,5,1,0,5,6,8,4,1,3,0.75,20,1,1,0,0.5,0,0,2.8,1,0.6,0,"ivy-1.4",FALSE,"FIRST"
307,1.4,26,3,19,32,87,303,19,15,4,0.933333333,691,0.666666667,0,0.606557377,0.285,2,2,25.46153846,7,2.1923,1,"ivy-1.4",TRUE,"FIRST"
308,1.4,2,1,0,9,2,1,8,1,2,2,2,0,0,0,0.75,0,0,0,1,1,0,"ivy-1.4",FALSE,"FIRST"
309,1.4,2,2,2,5,5,0,2,3,1,0.5,24,1,1,0.923076923,0.6,0,0,10,1,0.5,0,"ivy-1.4",FALSE,"FIRST"
310,1.4,4,1,0,9,18,4,6,3,3,0.666666667,77,0,1,0,0.333333333,0,0,18,4,1.75,0,"ivy-1.4",FALSE,"FIRST"
311,1.4,3,1,0,15,3,3,14,1,3,2,3,0,0,0,1,0,0,0,1,1,0,"ivy-1.4",FALSE,"FIRST"
312,1.4,6,3,0,4,18,5,2,3,5,0.65,98,0.75,0,0.714285714,0.466666667,0,0,14.66666667,3,1,0,"ivy-1.4",FALSE,"FIRST"
313,1.4,2,2,0,8,3,0,5,0,2,0,14,1,1,0.8,0.625,0,0,5.5,1,0.5,0,"ivy-1.4",FALSE,"FIRST"
314,1.4,4,1,0,2,8,4,0,0,4,0.666666667,24,1,1,0,0.5,0,0,4.75,1,0.75,0,"ivy-1.4",FALSE,"FIRST"
315,1.4,5,1,0,12,10,4,8,0,4,0.5,35,1,1,0,0.25,0,0,5.8,1,0.6,0,"ivy-1.4",FALSE,"FIRST"
316,1.4,3,1,0,11,4,0,11,0,3,0.5,20,1,0,0,0.555555556,0,0,5,1,0.6667,0,"ivy-1.4",FALSE,"FIRST"
317,1.4,2,2,0,5,16,1,1,4,2,2,60,0,0,0.833333333,0.666666667,0,0,29,4,2,0,"ivy-1.4",FALSE,"FIRST"
318,1.4,5,1,0,9,20,2,3,6,5,0.625,89,1,1,0,0.533333333,0,0,16.4,2,1.2,0,"ivy-1.4",FALSE,"FIRST"
319,1.4,11,1,0,2,15,17,2,0,11,0.725,95,1,0,0,0.727272727,0,0,7.272727273,2,0.9091,0,"ivy-1.4",FALSE,"FIRST"
320,1.4,19,4,0,12,57,125,3,12,15,0.833333333,326,1,0,0.772151899,0.342105263,1,1,15.84210526,3,1.0526,0,"ivy-1.4",FALSE,"FIRST"
321,1.4,7,2,0,13,94,0,1,0,5,0.729166667,1203,1,2,0.739130435,0.357142857,1,2,169.7142857,1,0.8571,1,"ivy-1.4",TRUE,"FIRST"
322,1.4,4,1,0,2,6,0,1,1,4,0.333333333,35,1,2,0,0.5,0,0,7.25,3,1.25,0,"ivy-1.4",FALSE,"FIRST"
323,1.4,3,2,0,3,6,3,1,0,3,2,15,0,0,0.777777778,0.833333333,2,2,4,1,0.6667,0,"ivy-1.4",FALSE,"FIRST"
324,1.4,6,1,0,6,13,0,3,3,6,0.4,55,1,1,0,0.458333333,0,0,7.833333333,2,1,0,"ivy-1.4",FALSE,"FIRST"
325,1.4,2,2,0,3,3,0,1,3,2,1,15,0.5,1,0.923076923,0.666666667,0,0,5.5,1,0.5,0,"ivy-1.4",FALSE,"FIRST"
326,1.4,3,1,0,11,3,3,10,1,3,2,3,0,0,0,0.666666667,0,0,0,1,1,0,"ivy-1.4",FALSE,"FIRST"
327,1.4,45,1,0,19,113,634,9,11,37,0.844155844,1006,1,5,0,0.141608392,0,0,21.04444444,9,1.5778,0,"ivy-1.4",FALSE,"FIRST"
328,1.4,2,3,0,4,3,0,1,4,2,1,17,0.5,1,0.928571429,0.6,0,0,6.5,1,0.5,0,"ivy-1.4",FALSE,"FIRST"
329,1.4,7,1,0,3,8,15,3,0,6,0.5,51,1,0,0,0.535714286,0,0,5.857142857,1,0.5714,0,"ivy-1.4",FALSE,"FIRST"
330,1.4,10,1,0,6,17,31,6,0,10,0.611111111,107,1,0,0,0.4,1,1,9.3,3,1.3,0,"ivy-1.4",FALSE,"FIRST"
331,1.4,8,1,0,26,8,28,24,3,8,2,8,0,0,0,1,0,0,0,1,1,0,"ivy-1.4",FALSE,"FIRST"
332,1.4,2,1,0,10,2,1,10,1,2,2,2,0,0,0,0.666666667,0,0,0,1,1,0,"ivy-1.4",FALSE,"FIRST"
333,1.4,3,1,0,16,65,3,5,0,2,2,877,0,0,0,0.416666667,0,0,291.3333333,4,1.6667,1,"ivy-1.4",TRUE,"FIRST"
334,1.4,10,1,2,5,41,45,2,3,10,2,173,0,0,0,0.466666667,1,1,16.3,9,1.8,0,"ivy-1.4",FALSE,"FIRST"
335,1.4,16,2,0,16,32,86,12,4,16,0.511111111,187,0,1,0.409090909,0.294642857,1,8,10.5,1,0.8125,0,"ivy-1.4",FALSE,"FIRST"
336,1.4,2,1,0,4,2,1,4,0,2,2,2,0,0,0,0.666666667,0,0,0,1,1,0,"ivy-1.4",FALSE,"FIRST"
337,1.4,5,6,0,8,28,2,0,8,5,0.625,101,1,0,0.956043956,0.7,1,1,18.8,1,0.8,0,"ivy-1.4",FALSE,"FIRST"
338,1.4,3,1,0,3,4,3,2,1,1,1,14,0,1,0,0.75,0,0,3.333333333,1,0.3333,0,"ivy-1.4",FALSE,"FIRST"
339,1.4,43,4,0,14,103,739,1,14,41,0.94047619,642,1,0,0.59223301,0.372093023,3,5,13.46511628,1,0.9767,0,"ivy-1.4",FALSE,"FIRST"
340,1.4,5,2,0,8,40,10,2,0,5,2,338,0,0,0.6,0.48,1,3,66.6,14,3.4,0,"ivy-1.4",FALSE,"FIRST"
341,1.4,15,1,0,6,31,89,2,0,15,0.107142857,133,1,1,0,0.333333333,0,0,7.733333333,2,1,0,"ivy-1.4",FALSE,"FIRST"
342,1.4,21,4,0,12,102,160,0,12,13,0.85,782,1,0,0.75308642,0.178571429,3,6,36,7,1.5238,0,"ivy-1.4",FALSE,"FIRST"
343,1.4,14,1,1,2,19,79,1,1,7,0.807692308,97,1,0,0,0.285714286,0,0,5.5,2,1,0,"ivy-1.4",FALSE,"FIRST"
344,1.4,3,2,0,4,18,3,1,0,0,1,53,0,1,0.933333333,1,1,1,16.33333333,2,0.6667,0,"ivy-1.4",FALSE,"FIRST"
345,1.4,7,1,0,7,23,15,5,0,5,0.888888889,148,0.5,0,0,0.4,0,0,19.28571429,1,0.7143,0,"ivy-1.4",FALSE,"FIRST"
346,1.4,12,2,0,7,31,10,3,0,9,1.01010101,303,1,1,0.5,0.393939394,1,1,22,6,1.6667,0,"ivy-1.4",FALSE,"FIRST"
347,1.4,2,3,0,3,5,0,1,2,1,0,15,1,0,1,1,0,0,6,0,0,0,"ivy-1.4",FALSE,"FIRST"
348,1.4,12,1,0,8,30,54,1,0,10,0.840909091,169,1,0,0,0.5,0,0,12.75,3,1.4167,0,"ivy-1.4",FALSE,"FIRST"
349,1.4,10,1,0,14,10,45,11,3,10,2,10,0,0,0,0.366666667,0,0,0,1,1,0,"ivy-1.4",FALSE,"FIRST"
350,1.4,24,6,0,14,57,222,0,0,19,0.695652174,349,0.6,0,0.843537415,0.139880952,5,10,13.33333333,8,1.8333,0,"ivy-1.4",FALSE,"FIRST"
351,1.4,13,3,0,8,32,4,0,8,13,0.666666667,134,1,0,0.755102041,0.192307692,2,2,9.076923077,1,0.9231,0,"ivy-1.4",FALSE,"FIRST"
352,1.4,103,1,0,47,260,4423,21,33,71,0.903313049,3559,1,6,0,0.098039216,1,1,33.27184466,26,2.5631,0,"ivy-1.4",FALSE,"FIRST"
353,2,28,1,0,32,82,374,26,7,24,1.012345679,926,0.166666667,0,0,0.226337449,0,0,31.64285714,23,2.6786,2,"ivy-2.0",TRUE,"LAST"
354,2,6,1,2,3,7,3,2,1,4,0.6,36,1,0,0,0.444444444,0,0,4.666666667,1,0.6667,0,"ivy-2.0",FALSE,"LAST"
355,2,4,2,0,5,6,4,1,4,2,0.666666667,21,1,1,0.5,0.5,0,0,4,1,0.5,0,"ivy-2.0",FALSE,"LAST"
356,2,4,1,0,9,4,6,9,0,4,2,4,0,0,0,0.666666667,0,0,0,1,1,0,"ivy-2.0",FALSE,"LAST"
357,2,1,1,0,8,1,0,6,2,1,2,1,0,0,0,1,0,0,0,1,1,0,"ivy-2.0",FALSE,"LAST"
358,2,23,2,0,150,67,235,147,5,20,0.852272727,653,0.75,1,0.28,0.28030303,1,1,26.86956522,9,1.8696,1,"ivy-2.0",TRUE,"LAST"
359,2,5,1,0,8,26,0,1,7,4,0.625,127,1,2,0,0.314285714,0,0,23.6,4,1.6,0,"ivy-2.0",FALSE,"LAST"
360,2,25,4,0,18,73,200,1,0,18,0.854166667,666,1,0,0.736263736,0.38,0,0,25.32,13,1.92,1,"ivy-2.0",TRUE,"LAST"
361,2,7,1,0,2,13,0,1,1,7,0.694444444,86,1,0,0,0.571428571,0,0,10.42857143,1,0.8571,0,"ivy-2.0",FALSE,"LAST"
362,2,21,1,0,7,22,154,5,2,21,0.905,141,1,2,0,0.18452381,0,0,5.238095238,1,0.9524,0,"ivy-2.0",FALSE,"LAST"
363,2,2,2,0,2,4,1,1,1,2,2,11,0,0,0.666666667,0.666666667,1,1,4.5,1,0.5,0,"ivy-2.0",FALSE,"LAST"
364,2,8,1,0,10,21,28,5,5,7,2,130,0,0,0,0.3125,0,0,15.25,5,2.625,0,"ivy-2.0",FALSE,"LAST"
365,2,32,4,0,16,81,406,2,0,27,0.925558313,504,1,0,0.683673469,0.3,1,3,14.34375,1,0.9688,0,"ivy-2.0",FALSE,"LAST"
366,2,13,1,2,4,44,70,2,2,9,0.833333333,208,1,0,0,0.5625,0,0,14.84615385,1,0.8462,0,"ivy-2.0",FALSE,"LAST"
367,2,19,1,0,8,42,99,2,7,3,0.788888889,329,1,1,0,0.263157895,0,0,16.05263158,5,1.5789,2,"ivy-2.0",TRUE,"LAST"
368,2,2,1,0,6,21,1,3,3,1,2,144,0,0,0,0.5,0,0,71,10,5,0,"ivy-2.0",FALSE,"LAST"
369,2,1,1,0,4,1,0,2,2,1,2,1,0,0,0,1,0,0,0,1,1,0,"ivy-2.0",FALSE,"LAST"
370,2,25,1,0,10,58,234,6,4,23,0.591666667,257,1,1,0,0.32,0,0,9.08,2,1.16,0,"ivy-2.0",FALSE,"LAST"
371,2,8,1,0,12,29,0,7,5,8,0,126,1,1,0,0.416666667,0,0,14.625,1,0.875,0,"ivy-2.0",FALSE,"LAST"
372,2,5,1,1,26,11,0,24,2,5,0.375,41,1,1,0,0.466666667,0,0,6.8,1,0.8,0,"ivy-2.0",FALSE,"LAST"
373,2,3,1,2,7,8,3,7,0,3,2,34,0,0,0,0.777777778,0,0,10.33333333,1,0.6667,0,"ivy-2.0",FALSE,"LAST"
374,2,4,3,0,6,10,4,1,5,1,0.666666667,27,1,1,0.714285714,0.5,1,1,5.5,1,0.5,0,"ivy-2.0",FALSE,"LAST"
375,2,5,1,1,6,6,0,5,1,5,0.5,32,1,1,0,0.466666667,0,0,5,1,0.8,0,"ivy-2.0",FALSE,"LAST"
376,2,2,1,0,4,3,1,4,1,1,1,8,0,1,0,1,0,0,2.5,1,0.5,0,"ivy-2.0",FALSE,"LAST"
377,2,1,1,0,4,1,0,3,1,1,2,1,0,0,0,1,0,0,0,1,1,0,"ivy-2.0",FALSE,"LAST"
378,2,10,1,0,27,19,15,25,2,10,0.755555556,138,1,1,0,0.233333333,1,1,12.3,6,1.9,0,"ivy-2.0",FALSE,"LAST"
379,2,12,5,0,3,25,66,0,0,12,2,67,0,0,0.938888889,0.472222222,1,1,4.583333333,1,0.9167,0,"ivy-2.0",FALSE,"LAST"
380,2,5,1,0,14,21,0,11,3,5,0,75,1,0,0,0.4,0,0,13.8,2,1,0,"ivy-2.0",FALSE,"LAST"
381,2,54,2,0,17,137,1241,7,0,16,0.943951165,1589,1,1,0.277777778,0.205450734,0,0,27.7962963,5,1.2037,0,"ivy-2.0",FALSE,"LAST"
382,2,5,3,0,4,9,2,1,3,5,0.85,61,0.8,0,0.777777778,0.333333333,0,0,10.2,1,0.8,0,"ivy-2.0",FALSE,"LAST"
383,2,37,6,0,26,120,570,2,26,24,0.848765432,1123,0.666666667,0,0.825242718,0.12012012,4,18,29.10810811,9,2.5676,2,"ivy-2.0",TRUE,"LAST"
384,2,10,1,3,9,15,29,3,6,8,0.777777778,67,1,1,0,0.65,0,0,5.3,2,1,0,"ivy-2.0",FALSE,"LAST"
385,2,8,2,0,6,32,20,0,6,4,0.5,221,1,0,0.461538462,0.4,0,0,26.375,5,2,0,"ivy-2.0",FALSE,"LAST"
386,2,2,2,2,4,5,0,2,2,1,0,19,1,1,0.923076923,0.625,0,0,8,1,0.5,0,"ivy-2.0",FALSE,"LAST"
387,2,20,1,0,8,29,108,5,3,20,0.809210526,188,1,1,0,0.235714286,0,0,8,1,0.9,0,"ivy-2.0",FALSE,"LAST"
388,2,3,1,2,3,4,1,2,1,2,0,16,1,0,0,0.666666667,0,0,4,1,0.6667,0,"ivy-2.0",FALSE,"LAST"
389,2,3,1,0,9,23,0,1,8,2,0,125,1,2,0,0.444444444,0,0,39.66666667,1,0.6667,0,"ivy-2.0",FALSE,"LAST"
390,2,8,1,0,32,104,8,4,29,3,0.80952381,955,1,2,0,0.3125,0,0,118,4,1.5,3,"ivy-2.0",TRUE,"LAST"
391,2,8,2,0,16,52,16,2,0,5,0.666666667,336,1,1,0.740740741,0.46875,1,1,40.625,2,1,0,"ivy-2.0",FALSE,"LAST"
392,2,7,3,0,5,20,9,3,4,5,0.733333333,110,1,0,0.583333333,0.333333333,0,0,14,3,1,0,"ivy-2.0",FALSE,"LAST"
393,2,3,5,2,16,38,3,2,0,1,2,159,0,0,0.981132075,1,0,0,52,1,0.6667,0,"ivy-2.0",FALSE,"LAST"
394,2,5,6,0,6,24,2,0,0,5,0.625,88,1,0,0.963636364,0.7,2,2,16.2,1,0.8,0,"ivy-2.0",FALSE,"LAST"
395,2,9,3,0,20,71,36,1,20,5,2,476,0,0,0.631578947,0.296296296,0,0,51.88888889,9,3.1111,0,"ivy-2.0",FALSE,"LAST"
396,2,16,1,0,27,123,120,5,23,2,2,1851,0,0,0,0.204545455,0,0,114.6875,20,5.9375,0,"ivy-2.0",FALSE,"LAST"
397,2,4,1,0,5,22,6,3,2,3,2,100,0,0,0,0.416666667,0,0,24,3,2,0,"ivy-2.0",FALSE,"LAST"
398,2,23,5,1,10,74,189,1,9,14,0.806818182,608,1,0,0.889473684,0.233766234,3,4,25.08695652,8,1.5652,0,"ivy-2.0",FALSE,"LAST"
399,2,7,1,0,7,34,15,1,6,2,0.75,288,0.5,1,0,0.333333333,0,0,39.85714286,5,1.5714,0,"ivy-2.0",FALSE,"LAST"
400,2,10,4,0,10,38,3,1,0,9,0.666666667,207,1,0,0.881578947,0.65,1,1,19.3,2,1,0,"ivy-2.0",FALSE,"LAST"
401,2,3,2,0,4,19,0,1,3,3,0,57,1,0,0.75,0.5,0,0,17.66666667,2,1,0,"ivy-2.0",FALSE,"LAST"
402,2,1,1,0,5,1,0,3,2,1,2,1,0,0,0,1,0,0,0,1,1,0,"ivy-2.0",FALSE,"LAST"
403,2,11,1,0,4,25,23,3,1,7,0.766666667,215,1,0,0,0.242424242,0,0,18,3,1.0909,0,"ivy-2.0",FALSE,"LAST"
404,2,4,1,0,2,6,6,1,1,3,1,23,0,1,0,0.666666667,0,0,4.5,2,0.75,0,"ivy-2.0",FALSE,"LAST"
405,2,11,1,0,2,15,17,2,0,11,0.725,95,1,0,0,0.727272727,0,0,7.272727273,2,0.9091,0,"ivy-2.0",FALSE,"LAST"
406,2,18,1,0,23,83,151,18,5,15,0.970588235,638,1,0,0,0.194117647,0,0,34.33333333,5,1.5556,0,"ivy-2.0",FALSE,"LAST"
407,2,11,5,2,7,27,49,2,0,10,0.8,85,1,0,0.944134078,0.345454545,2,2,6.636363636,2,1,0,"ivy-2.0",FALSE,"LAST"
408,2,4,2,0,4,13,0,1,0,3,0.333333333,41,1,1,0.8125,0.583333333,1,2,9,1,0.75,0,"ivy-2.0",FALSE,"LAST"
409,2,12,2,0,7,29,30,2,5,11,0.757575758,171,1,1,0.388888889,0.25,1,1,12.75,2,1.1667,0,"ivy-2.0",FALSE,"LAST"
410,2,5,5,0,6,15,10,3,3,5,2,48,0,0,1,0.5,0,0,8.6,0,0,0,"ivy-2.0",FALSE,"LAST"
411,2,35,4,0,16,103,429,0,0,28,0.894117647,824,0.933333333,1,0.663366337,0.314285714,2,4,22.11428571,2,1,1,"ivy-2.0",TRUE,"LAST"
412,2,11,1,0,6,19,1,5,2,11,0.45,67,1,1,0,0.318181818,0,0,4.909090909,1,0.9091,0,"ivy-2.0",FALSE,"LAST"
413,2,74,1,0,40,190,2181,13,30,72,0.882990868,1443,1,8,0,0.067567568,0,0,18.17567568,6,1.4189,1,"ivy-2.0",TRUE,"LAST"
414,2,9,2,0,19,39,34,8,13,5,0.9375,178,0.5,1,0.3,0.328125,1,1,18.55555556,1,0.7778,2,"ivy-2.0",TRUE,"LAST"
415,2,13,1,7,28,37,44,23,6,6,0.555555556,172,1,1,0,0.201923077,1,1,12,5,1.2308,0,"ivy-2.0",FALSE,"LAST"
416,2,5,1,1,3,13,4,1,2,5,0.5,48,1,0,0,0.4,0,0,8.4,3,1.2,0,"ivy-2.0",FALSE,"LAST"
417,2,4,1,0,11,17,4,8,3,2,0.666666667,77,0,1,0,0.333333333,0,0,18,4,1.75,0,"ivy-2.0",FALSE,"LAST"
418,2,9,1,0,83,9,36,80,3,9,2,9,0,0,0,1,0,0,0,1,1,0,"ivy-2.0",FALSE,"LAST"
419,2,7,6,0,3,22,21,0,0,7,2,68,0,0,0.967567568,0.857142857,1,1,8.714285714,3,1.1429,0,"ivy-2.0",FALSE,"LAST"
420,2,15,2,0,9,40,77,3,7,12,0.666666667,286,1,1,0.606060606,0.5,1,1,17.86666667,2,0.9333,0,"ivy-2.0",FALSE,"LAST"
421,2,27,1,0,33,78,219,23,13,24,0.737179487,394,1,5,0,0.150997151,0,0,13.37037037,4,1.2593,0,"ivy-2.0",FALSE,"LAST"
422,2,31,1,0,97,31,465,84,16,31,1.033333333,33,0,0,0,0.132258065,0,0,0,1,1,0,"ivy-2.0",FALSE,"LAST"
423,2,9,2,0,17,28,22,9,8,7,0.5,127,1,1,0.3,0.25,1,1,12.88888889,2,1,0,"ivy-2.0",FALSE,"LAST"
424,2,37,4,0,19,107,526,0,0,30,0.909259259,659,0.933333333,0,0.650485437,0.32972973,2,3,16.40540541,3,1.027,0,"ivy-2.0",FALSE,"LAST"
425,2,2,1,0,3,16,1,2,1,1,2,98,0,0,0,0.5,0,0,48,7,3.5,0,"ivy-2.0",FALSE,"LAST"
426,2,15,4,0,13,64,57,0,0,14,0.821428571,411,1,0,0.827160494,0.306666667,1,2,26,5,1.2,1,"ivy-2.0",TRUE,"LAST"
427,2,2,1,0,30,65,0,1,29,2,0,412,1,3,0,0.571428571,0,0,203.5,1,0.5,0,"ivy-2.0",FALSE,"LAST"
428,2,8,1,5,6,22,6,5,1,6,0.761904762,145,1,0,0,0.541666667,0,0,16.375,2,1.125,0,"ivy-2.0",FALSE,"LAST"
429,2,5,2,2,6,14,2,2,4,4,0.75,60,1,2,0.75,0.333333333,0,0,10.2,1,0.8,0,"ivy-2.0",FALSE,"LAST"
430,2,7,1,0,10,63,21,2,8,5,2,1034,0,0,0,0.285714286,0,0,146.7142857,10,4.8571,0,"ivy-2.0",FALSE,"LAST"
431,2,14,1,1,2,19,79,1,1,7,0.807692308,97,1,0,0,0.285714286,0,0,5.5,2,1,0,"ivy-2.0",FALSE,"LAST"
432,2,20,1,2,4,30,142,2,2,18,0.763157895,183,1,0,0,0.5,0,0,7.95,2,1.05,0,"ivy-2.0",FALSE,"LAST"
433,2,5,1,0,13,30,4,3,10,3,0.25,149,1,1,0,0.5,0,0,28.6,5,1.8,0,"ivy-2.0",FALSE,"LAST"
434,2,13,2,0,14,35,52,10,4,13,0.333333333,204,1,2,0.388888889,0.282051282,1,1,14.53846154,5,1.2308,0,"ivy-2.0",FALSE,"LAST"
435,2,12,1,0,7,63,64,2,0,5,1.049586777,939,1,0,0,0.345238095,0,0,76.33333333,1,0.9167,0,"ivy-2.0",FALSE,"LAST"
436,2,2,4,0,2,18,0,1,1,2,0,99,1,0,0.983870968,0.666666667,1,1,47.5,3,1.5,0,"ivy-2.0",FALSE,"LAST"
437,2,5,1,0,7,26,4,1,6,3,0,158,1,0,0,0.525,0,0,30.2,4,1.8,0,"ivy-2.0",FALSE,"LAST"
438,2,6,1,0,27,6,15,26,2,6,2,6,0,0,0,0.541666667,0,0,0,1,1,0,"ivy-2.0",FALSE,"LAST"
439,2,4,1,0,4,5,6,3,1,2,1,17,0,1,0,0.666666667,0,0,3,1,0.5,0,"ivy-2.0",FALSE,"LAST"
440,2,11,2,0,7,12,25,5,2,11,0.8,74,1,1,0.285714286,0.290909091,0,0,5.272727273,1,0.9091,0,"ivy-2.0",FALSE,"LAST"
441,2,12,1,0,19,12,66,13,6,12,2,12,0,0,0,0.316666667,0,0,0,1,1,0,"ivy-2.0",FALSE,"LAST"
442,2,1,1,0,7,1,0,6,1,1,2,1,0,0,0,1,0,0,0,1,1,0,"ivy-2.0",FALSE,"LAST"
443,2,6,1,0,21,6,15,17,5,6,2,6,0,0,0,0.37037037,0,0,0,1,1,0,"ivy-2.0",FALSE,"LAST"
444,2,2,1,0,15,34,0,1,14,2,0,326,1,2,0,0.6,0,0,161,13,6.5,0,"ivy-2.0",FALSE,"LAST"
445,2,5,2,0,10,44,0,3,7,5,0.5,305,1,2,0.833333333,0.6,1,1,59.4,1,0.8,1,"ivy-2.0",TRUE,"LAST"
446,2,4,4,2,5,8,6,5,0,4,2,20,0,0,1,0.666666667,0,0,4,0,0,0,"ivy-2.0",FALSE,"LAST"
447,2,5,1,0,6,17,10,4,2,4,2,112,0,0,0,0.25,0,0,21.4,3,1.6,0,"ivy-2.0",FALSE,"LAST"
448,2,8,1,0,3,35,20,2,1,4,0.80952381,303,1,0,0,0.357142857,0,0,36.5,4,1.25,1,"ivy-2.0",TRUE,"LAST"
449,2,8,1,0,2,13,14,2,0,6,0.571428571,69,1,0,0,0.625,0,0,7.375,3,1.25,0,"ivy-2.0",FALSE,"LAST"
450,2,5,1,0,2,22,8,1,1,5,0.5,97,1,0,0,0.4,0,0,18.2,1,0.6,0,"ivy-2.0",FALSE,"LAST"
451,2,5,1,0,3,6,6,0,3,5,0.75,24,1,2,0,0.466666667,0,0,3.4,1,0.8,0,"ivy-2.0",FALSE,"LAST"
452,2,3,1,0,2,6,1,2,0,1,0.5,21,1,0,0,0.5,0,0,5.666666667,2,0.6667,0,"ivy-2.0",FALSE,"LAST"
453,2,4,1,0,12,5,0,12,1,4,0.5,24,1,1,0,0.5,0,0,4.5,1,0.75,0,"ivy-2.0",FALSE,"LAST"
454,2,4,2,0,3,11,6,1,2,4,2,48,0,0,0.727272727,0.666666667,1,1,11,2,1,0,"ivy-2.0",FALSE,"LAST"
455,2,3,6,0,3,7,3,0,0,3,2,17,0,0,0.988950276,1,1,1,4.666666667,1,0.6667,0,"ivy-2.0",FALSE,"LAST"
456,2,8,1,0,8,8,28,3,5,8,2,8,0,0,0,0.458333333,0,0,0,1,1,0,"ivy-2.0",FALSE,"LAST"
457,2,6,1,0,1,7,3,1,0,6,0.6,34,1,0,0,0.555555556,0,0,4.333333333,1,0.6667,0,"ivy-2.0",FALSE,"LAST"
458,2,3,1,0,8,20,1,2,6,3,0,155,1,0,0,0.444444444,0,0,50,4,2,0,"ivy-2.0",FALSE,"LAST"
459,2,3,3,0,5,9,0,1,4,3,0.833333333,40,0.666666667,2,0.875,0.5,0,0,11.33333333,1,0.6667,0,"ivy-2.0",FALSE,"LAST"
460,2,1,3,0,4,2,0,1,3,1,2,9,0,0,1,1,0,0,7,0,0,0,"ivy-2.0",FALSE,"LAST"
461,2,47,4,0,15,108,865,1,0,45,0.920652174,896,1,0,0.592920354,0.221884498,2,4,17.63829787,3,1.0426,0,"ivy-2.0",FALSE,"LAST"
462,2,22,2,0,16,59,0,1,15,22,0.714285714,354,0.6,2,0.752941176,0.162878788,1,3,14.86363636,3,1.4091,0,"ivy-2.0",FALSE,"LAST"
463,2,10,1,0,17,62,11,1,0,5,0.766666667,491,1,1,0,0.233333333,0,0,47.1,2,1.1,1,"ivy-2.0",TRUE,"LAST"
464,2,2,2,0,3,3,0,1,2,2,1,14,0.5,1,0.923076923,0.75,0,0,5,1,0.5,0,"ivy-2.0",FALSE,"LAST"
465,2,5,1,4,7,8,8,4,3,4,0.5,34,1,0,0,0.8,0,0,5.6,3,1.2,0,"ivy-2.0",FALSE,"LAST"
466,2,2,5,3,6,5,1,3,3,2,2,12,0,0,0.994117647,1,1,1,5,1,0.5,0,"ivy-2.0",FALSE,"LAST"
467,2,11,1,0,4,21,13,1,0,11,0.6,68,0.5,0,0,0.340909091,0,0,5,1,0.8182,0,"ivy-2.0",FALSE,"LAST"
468,2,59,1,0,31,148,0,0,31,57,0.017241379,895,1,1,0,0.190862196,0,0,14.15254237,4,1.0339,0,"ivy-2.0",FALSE,"LAST"
469,2,25,4,0,10,49,224,0,0,25,0.90530303,304,1,0,0.736263736,0.37,2,3,10.72,1,0.96,0,"ivy-2.0",FALSE,"LAST"
470,2,6,2,0,6,36,0,1,0,5,0.3,165,1,0,0.583333333,0.5,1,2,26.16666667,3,1.8333,0,"ivy-2.0",FALSE,"LAST"
471,2,5,1,0,1,22,10,1,0,3,1.25,103,1,0,0,0.2,0,0,19.2,2,1,0,"ivy-2.0",FALSE,"LAST"
472,2,3,1,0,13,22,0,4,11,2,1,201,1,3,0,0.583333333,0,0,64,6,3.3333,0,"ivy-2.0",FALSE,"LAST"
473,2,57,2,1,56,242,1504,8,54,27,0.950255102,2550,0.785714286,3,0.537815126,0.113945578,2,5,43.49122807,9,2.0351,2,"ivy-2.0",TRUE,"LAST"
474,2,5,1,0,2,6,2,1,1,5,0.75,36,1,0,0,0.6,0,0,5.4,1,0.8,1,"ivy-2.0",TRUE,"LAST"
475,2,13,1,0,14,49,24,11,4,12,0.65,298,1,0,0,0.346153846,0,0,21.53846154,4,1.8462,0,"ivy-2.0",FALSE,"LAST"
476,2,2,3,0,3,5,0,1,2,1,0,15,1,0,1,1,0,0,6,0,0,0,"ivy-2.0",FALSE,"LAST"
477,2,29,2,0,21,104,236,1,20,22,0.767857143,733,1,0,0.695652174,0.143236074,1,4,24.13793103,5,1.7586,1,"ivy-2.0",TRUE,"LAST"
478,2,1,1,0,2,1,0,2,0,1,2,1,0,0,0,1,0,0,0,1,1,0,"ivy-2.0",FALSE,"LAST"
479,2,5,5,0,4,18,8,1,0,4,0.875,76,1,0,0.98255814,0.625,2,2,13.8,3,1,0,"ivy-2.0",FALSE,"LAST"
480,2,10,1,6,12,14,37,6,6,10,0.777777778,51,1,1,0,0.3,0,0,3.9,1,0.8,0,"ivy-2.0",FALSE,"LAST"
481,2,21,2,2,9,58,156,3,0,15,0.855555556,373,1,0,0.512820513,0.32,0,0,16.33333333,6,1.381,0,"ivy-2.0",FALSE,"LAST"
482,2,3,1,0,8,4,0,8,0,3,0.5,20,1,0,0,0.666666667,0,0,5,1,0.6667,0,"ivy-2.0",FALSE,"LAST"
483,2,25,1,0,8,90,112,4,7,21,0.907738095,1160,0.357142857,1,0,0.239583333,0,0,44.84,29,2.96,0,"ivy-2.0",FALSE,"LAST"
484,2,2,3,0,6,7,1,2,4,2,2,18,0,0,0.9375,0.625,0,0,8,1,0.5,0,"ivy-2.0",FALSE,"LAST"
485,2,23,2,0,7,33,213,4,3,15,0.966403162,284,0.47826087,2,0.375,0.239130435,0,0,10.34782609,5,1.4348,0,"ivy-2.0",FALSE,"LAST"
486,2,21,1,5,12,46,132,7,5,10,0.5875,281,0.75,1,0,0.173160173,0,0,12.19047619,4,1.381,0,"ivy-2.0",FALSE,"LAST"
487,2,22,4,5,30,104,63,5,25,11,0.571428571,707,1,1,0.875739645,0.184659091,4,12,31.04545455,9,1.7727,0,"ivy-2.0",FALSE,"LAST"
488,2,21,3,0,12,77,160,2,0,15,0.9125,797,1,0,0.661016949,0.227513228,2,3,36.57142857,3,1.0952,0,"ivy-2.0",FALSE,"LAST"
489,2,9,2,0,7,30,0,1,7,9,0,228,1,0,0.5,0.333333333,1,1,24.22222222,3,2.1111,0,"ivy-2.0",FALSE,"LAST"
490,2,12,2,0,6,31,20,3,5,9,1.012539185,360,1,1,0.5,0.393939394,1,1,26.58333333,6,2.0833,0,"ivy-2.0",FALSE,"LAST"
491,2,3,1,0,16,3,3,15,1,3,2,3,0,0,0,1,0,0,0,1,1,0,"ivy-2.0",FALSE,"LAST"
492,2,38,4,4,21,104,613,4,0,29,0.897683398,839,1,1,0.644230769,0.22556391,1,1,20.71052632,18,1.8158,2,"ivy-2.0",TRUE,"LAST"
493,2,1,1,0,34,1,0,34,0,1,2,1,0,0,0,1,0,0,0,1,1,0,"ivy-2.0",FALSE,"LAST"
494,2,2,3,0,4,5,0,1,3,2,1,21,0.5,1,0.933333333,0.666666667,0,0,8.5,1,0.5,0,"ivy-2.0",FALSE,"LAST"
495,2,11,1,0,23,16,31,21,4,8,0.8,77,0.833333333,3,0,0.26,0,0,5.454545455,1,0.8182,0,"ivy-2.0",FALSE,"LAST"
496,2,3,2,0,3,5,3,0,0,1,1,18,0,1,0.8,0.75,1,1,4.666666667,1,0.3333,0,"ivy-2.0",FALSE,"LAST"
497,2,2,1,0,4,2,1,2,2,2,2,2,0,0,0,0.75,0,0,0,1,1,0,"ivy-2.0",FALSE,"LAST"
498,2,25,1,0,6,26,276,5,1,25,0.958333333,136,1,1,0,0.246666667,0,0,3.96,1,0.96,0,"ivy-2.0",FALSE,"LAST"
499,2,6,1,0,23,6,15,22,1,6,2,6,0,0,0,0.555555556,0,0,0,1,1,0,"ivy-2.0",FALSE,"LAST"
500,2,8,2,0,5,25,6,0,5,6,0.628571429,145,1,0,0.6,0.371428571,0,0,16.5,6,1.375,0,"ivy-2.0",FALSE,"LAST"
501,2,11,1,0,43,11,55,35,8,11,2,11,0,0,0,0.409090909,0,0,0,1,1,1,"ivy-2.0",TRUE,"LAST"
502,2,1,3,0,3,2,0,3,0,1,2,5,0,0,1,1,0,0,4,0,0,0,"ivy-2.0",FALSE,"LAST"
503,2,3,1,0,2,4,1,2,0,3,0.5,14,1,0,0,0.666666667,0,0,3.333333333,1,0.6667,0,"ivy-2.0",FALSE,"LAST"
504,2,10,1,0,2,12,25,1,0,10,0.805555556,53,1,0,0,0.7,0,0,3.9,1,0.9,0,"ivy-2.0",FALSE,"LAST"
505,2,12,1,0,35,18,30,32,4,12,0.727272727,99,1,4,0,0.277777778,1,1,6.833333333,2,0.9167,0,"ivy-2.0",FALSE,"LAST"
506,2,9,1,0,4,11,28,3,1,9,0.875,60,1,2,0,0.481481481,0,0,5.222222222,2,1.1111,0,"ivy-2.0",FALSE,"LAST"
507,2,2,1,0,3,2,1,3,0,2,2,2,0,0,0,0.75,0,0,0,1,1,0,"ivy-2.0",FALSE,"LAST"
508,2,11,1,0,14,24,17,10,4,10,0.54,107,1,0,0,0.393939394,0,0,8.272727273,2,1.1818,1,"ivy-2.0",TRUE,"LAST"
509,2,13,3,0,16,26,46,14,3,12,0.736111111,243,1,1,0.421052632,0.196581197,1,1,17.23076923,6,1.6154,0,"ivy-2.0",FALSE,"LAST"
510,2,30,1,0,27,78,267,16,12,30,0.873563218,543,1,1,0,0.123076923,0,0,16.8,5,1.4667,0,"ivy-2.0",FALSE,"LAST"
511,2,2,2,0,4,4,1,1,3,1,2,8,0,0,0.666666667,0.75,1,1,3,1,0.5,0,"ivy-2.0",FALSE,"LAST"
512,2,14,1,0,10,39,0,2,8,13,0.661538462,225,1,2,0,0.224489796,0,0,14.71428571,4,1.7143,0,"ivy-2.0",FALSE,"LAST"
513,2,13,1,0,28,104,76,2,26,8,0.916666667,691,1,1,0,0.227272727,0,0,52.07692308,8,1.6154,0,"ivy-2.0",FALSE,"LAST"
514,2,12,1,0,9,31,54,1,8,10,0.840909091,170,1,0,0,0.5,0,0,12.83333333,3,1.4167,0,"ivy-2.0",FALSE,"LAST"
515,2,1,1,0,7,1,0,6,1,1,2,1,0,0,0,1,0,0,0,1,1,0,"ivy-2.0",FALSE,"LAST"
516,2,23,1,0,57,23,253,46,16,23,2,23,0,0,0,0.127717391,0,0,0,1,1,0,"ivy-2.0",FALSE,"LAST"
517,2,15,2,0,12,16,67,9,3,15,0.867346939,104,1,1,0.125,0.293333333,0,0,5.466666667,1,0.9333,0,"ivy-2.0",FALSE,"LAST"
518,2,9,1,2,5,36,36,2,3,9,2,146,0,0,0,0.444444444,1,1,15.22222222,9,1.8889,0,"ivy-2.0",FALSE,"LAST"
519,2,21,2,0,21,38,170,17,4,21,0.6625,224,1,1,0.333333333,0.253968254,1,9,9.476190476,1,0.7619,0,"ivy-2.0",FALSE,"LAST"
520,2,3,1,0,6,18,3,2,4,2,2,67,0,0,0,0.444444444,1,1,21.33333333,7,3,0,"ivy-2.0",FALSE,"LAST"
521,2,157,1,0,111,312,11794,51,75,142,0.967013889,2701,0.9375,12,0,0.062278839,0,0,15.89808917,6,1.5159,0,"ivy-2.0",FALSE,"LAST"
522,2,14,1,0,57,32,45,57,0,13,0.725274725,277,0.714285714,0,0,0.307692308,1,1,18.28571429,7,1.7143,0,"ivy-2.0",FALSE,"LAST"
523,2,5,1,0,11,14,4,8,3,3,0.5,72,1,1,0,0.25,0,0,13.2,1,0.6,0,"ivy-2.0",FALSE,"LAST"
524,2,6,1,0,11,6,15,10,2,6,2,6,0,0,0,1,0,0,0,1,1,0,"ivy-2.0",FALSE,"LAST"
525,2,3,1,0,2,5,0,1,1,3,0,22,1,1,0,0.555555556,0,0,6,2,1,0,"ivy-2.0",FALSE,"LAST"
526,2,25,1,0,62,25,300,55,8,25,2,25,0,0,0,0.296,0,0,0,1,1,0,"ivy-2.0",FALSE,"LAST"
527,2,8,1,0,11,17,0,9,3,8,0.428571429,54,1,1,0,0.416666667,0,0,5.5,1,0.875,0,"ivy-2.0",FALSE,"LAST"
528,2,6,1,0,9,9,3,6,3,5,0.7,52,0.5,3,0,0.466666667,0,0,7,1,0.6667,0,"ivy-2.0",FALSE,"LAST"
529,2,11,1,0,6,12,25,4,2,11,0.8,78,1,1,0,0.363636364,0,0,5.636363636,2,1,0,"ivy-2.0",FALSE,"LAST"
530,2,32,3,17,33,84,470,17,0,8,0.922580645,670,0.6,0,0.552238806,0.25,0,0,19.78125,5,1.7188,0,"ivy-2.0",FALSE,"LAST"
531,2,17,1,0,6,29,90,2,5,17,0.8125,167,1,0,0,0.382352941,0,0,8.470588235,1,0.8824,0,"ivy-2.0",FALSE,"LAST"
532,2,3,1,2,7,12,3,2,5,1,2,53,0,0,0,0.5,0,0,16.66666667,2,1,0,"ivy-2.0",FALSE,"LAST"
533,2,7,1,0,54,7,21,54,0,7,2,7,0,0,0,0.571428571,0,0,0,1,1,0,"ivy-2.0",FALSE,"LAST"
534,2,9,2,1,13,38,12,2,12,8,0.5,197,1,1,0.5,0.377777778,0,0,20.66666667,5,1.6667,0,"ivy-2.0",FALSE,"LAST"
535,2,28,6,0,17,70,300,1,17,21,0.728395062,488,0.666666667,0,0.862944162,0.129120879,4,9,16.21428571,8,1.8214,0,"ivy-2.0",FALSE,"LAST"
536,2,1,1,0,7,1,0,5,2,1,2,1,0,0,0,1,0,0,0,1,1,0,"ivy-2.0",FALSE,"LAST"
537,2,6,2,0,3,9,9,2,1,6,0.4,40,1,0,0.791666667,0.666666667,1,8,5.5,2,1,0,"ivy-2.0",FALSE,"LAST"
538,2,2,1,0,4,2,1,4,0,2,2,2,0,0,0,0.666666667,0,0,0,1,1,0,"ivy-2.0",FALSE,"LAST"
539,2,4,1,0,16,79,0,1,15,3,0,435,1,1,0,0.5,0,0,107.5,1,0.75,0,"ivy-2.0",FALSE,"LAST"
540,2,4,1,0,15,10,0,15,0,2,0.5,68,0.25,3,0,0.666666667,0,0,15,4,1.25,0,"ivy-2.0",FALSE,"LAST"
541,2,8,1,0,27,8,28,14,14,8,2,8,0,0,0,0.267857143,0,0,0,1,1,1,"ivy-2.0",TRUE,"LAST"
542,2,5,1,0,5,56,0,1,4,5,0.75,334,1,0,0,0.342857143,0,0,65,11,3,0,"ivy-2.0",FALSE,"LAST"
543,2,14,5,0,20,105,73,0,0,7,0.807692308,623,1,0,0.888888889,0.207792208,3,6,43.35714286,7,1.5714,0,"ivy-2.0",FALSE,"LAST"
544,2,6,1,0,3,14,7,2,2,6,0.5,63,1,1,0,0.4,0,0,9.166666667,2,1,0,"ivy-2.0",FALSE,"LAST"
545,2,10,2,0,9,38,15,0,0,8,0.694444444,197,1,0,0.5,0.4,0,0,18.3,7,1.6,0,"ivy-2.0",FALSE,"LAST"
546,2,1,3,0,3,2,0,1,2,1,2,8,0,0,1,1,0,0,6,0,0,0,"ivy-2.0",FALSE,"LAST"
547,2,4,1,0,2,6,0,1,1,4,0.333333333,35,1,2,0,0.5,0,0,7.25,3,1.25,0,"ivy-2.0",FALSE,"LAST"
548,2,20,1,0,106,45,182,103,5,17,1.015037594,124,0.285714286,1,0,0.144736842,0,0,4.85,2,0.95,0,"ivy-2.0",FALSE,"LAST"
549,2,19,1,0,8,19,171,8,0,19,2,19,0,0,0,0.421052632,0,0,0,1,1,0,"ivy-2.0",FALSE,"LAST"
550,2,2,1,0,9,2,1,7,3,2,2,4,0,0,0,0.625,0,0,0,1,1,0,"ivy-2.0",FALSE,"LAST"
551,2,8,2,0,9,61,28,2,7,6,1.142857143,544,1,0,0.611111111,0.375,1,3,66.875,4,1.625,1,"ivy-2.0",TRUE,"LAST"
552,2,13,6,0,25,69,78,1,24,12,2,420,0,0,0.945273632,0.174825175,4,7,31.30769231,4,1.2308,0,"ivy-2.0",FALSE,"LAST"
553,2,3,2,0,5,5,3,2,3,1,1,18,0,1,0.8,0.75,1,1,4.666666667,1,0.3333,0,"ivy-2.0",FALSE,"LAST"
554,2,2,2,0,1,4,1,0,1,2,2,10,0,0,0.666666667,0.666666667,1,1,4,1,0.5,0,"ivy-2.0",FALSE,"LAST"
555,2,4,1,0,7,17,0,5,2,2,0.666666667,58,0.5,1,0,0.833333333,0,0,13,2,0.75,0,"ivy-2.0",FALSE,"LAST"
556,2,9,1,0,3,11,26,2,1,9,0.85,60,1,0,0,0.361111111,0,0,5.111111111,1,0.8889,0,"ivy-2.0",FALSE,"LAST"
557,2,3,1,0,11,3,3,8,3,3,2,3,0,0,0,1,0,0,0,1,1,0,"ivy-2.0",FALSE,"LAST"
558,2,5,1,0,8,5,10,8,0,5,2,5,0,0,0,0.7,0,0,0,1,1,0,"ivy-2.0",FALSE,"LAST"
559,2,3,2,1,4,5,3,3,1,3,2,18,0,0,0.875,0.555555556,1,1,5,1,0.3333,0,"ivy-2.0",FALSE,"LAST"
560,2,3,1,0,3,3,3,2,1,3,2,3,0,0,0,0.666666667,0,0,0,1,1,0,"ivy-2.0",FALSE,"LAST"
561,2,28,1,0,11,72,118,5,10,18,0.994026284,719,0.967741935,0,0,0.220238095,0,0,23.57142857,6,2.7143,1,"ivy-2.0",TRUE,"LAST"
562,2,14,1,0,10,34,65,1,0,13,0.355769231,207,1,0,0,0.404761905,0,0,13.21428571,3,1.1429,0,"ivy-2.0",FALSE,"LAST"
563,2,5,1,0,9,20,2,3,6,5,0.625,89,1,1,0,0.533333333,0,0,16.4,2,1.2,0,"ivy-2.0",FALSE,"LAST"
564,2,4,1,0,6,4,6,6,0,4,2,4,0,0,0,1,0,0,0,1,1,1,"ivy-2.0",TRUE,"LAST"
565,2,1,3,0,4,2,0,1,3,1,2,11,0.5,0,1,1,0,0,8,0,0,0,"ivy-2.0",FALSE,"LAST"
566,2,9,1,1,5,29,0,3,3,6,0.5625,157,1,0,0,0.416666667,0,0,16.22222222,3,1.4444,0,"ivy-2.0",FALSE,"LAST"
567,2,1,1,0,8,1,0,6,2,1,2,1,0,0,0,1,0,0,0,1,1,0,"ivy-2.0",FALSE,"LAST"
568,2,12,1,0,10,64,0,1,10,7,0.545454545,444,1,1,0,0.243055556,0,0,35.75,6,2.6667,2,"ivy-2.0",TRUE,"LAST"
569,2,4,1,0,6,38,6,2,4,2,1,242,0,0,0,0.375,0,0,59.25,9,4.5,0,"ivy-2.0",FALSE,"LAST"
570,2,2,1,0,34,2,1,33,1,2,2,7,0,0,0,0.75,0,0,0,1,1,0,"ivy-2.0",FALSE,"LAST"
571,2,17,1,0,6,39,110,2,4,17,0.09375,165,1,1,0,0.344537815,0,0,8.588235294,2,1.0588,0,"ivy-2.0",FALSE,"LAST"
572,2,3,1,0,5,3,3,3,2,3,2,3,0,0,0,1,0,0,0,1,1,0,"ivy-2.0",FALSE,"LAST"
573,2,16,4,0,8,27,68,0,0,16,0.847619048,175,1,0,0.817073171,0.71875,0,0,9.5,1,0.9375,1,"ivy-2.0",TRUE,"LAST"
574,2,19,1,0,6,64,75,1,6,18,0.805555556,636,1,1,0,0.385964912,0,0,32.15789474,6,2.3684,0,"ivy-2.0",FALSE,"LAST"
575,2,6,1,0,6,13,0,3,3,6,0.4,55,1,1,0,0.458333333,0,0,7.833333333,2,1,0,"ivy-2.0",FALSE,"LAST"
576,2,6,4,0,8,23,0,0,0,6,0.4,143,1,0,0.930555556,0.666666667,1,1,22.5,1,0.8333,0,"ivy-2.0",FALSE,"LAST"
577,2,4,3,0,7,10,4,2,5,1,0.666666667,27,1,1,0.714285714,0.5,1,1,5.5,1,0.5,0,"ivy-2.0",FALSE,"LAST"
578,2,2,3,0,4,4,0,1,3,2,1.6,30,0.4,0,0.941176471,0.6,0,0,11.5,1,0.5,0,"ivy-2.0",FALSE,"LAST"
579,2,30,1,0,37,68,345,30,9,27,0.773399015,513,1,3,0,0.18226601,0,0,15.86666667,5,1.6,0,"ivy-2.0",FALSE,"LAST"
580,2,10,1,0,20,61,45,6,16,9,2,192,0,0,0,0.166666667,0,0,18.2,3,1.7,0,"ivy-2.0",FALSE,"LAST"
581,2,8,6,0,6,41,22,0,0,5,0.714285714,204,1,0,0.938053097,0.40625,2,2,24.375,5,1.75,0,"ivy-2.0",FALSE,"LAST"
582,2,2,2,0,6,13,1,1,6,2,2,46,0,0,0.857142857,0.666666667,0,0,22,5,2.5,0,"ivy-2.0",FALSE,"LAST"
583,2,4,1,0,2,6,6,1,1,3,1,23,0,1,0,0.666666667,0,0,4.5,2,0.75,0,"ivy-2.0",FALSE,"LAST"
584,2,2,1,0,24,2,1,24,0,2,2,2,0,0,0,0.75,0,0,0,1,1,0,"ivy-2.0",FALSE,"LAST"
585,2,10,5,0,9,44,13,0,0,9,0.722222222,176,1,0,0.920353982,0.466666667,2,4,16.2,1,0.9,0,"ivy-2.0",FALSE,"LAST"
586,2,1,5,0,3,2,0,2,1,1,2,5,0,0,1,1,0,0,4,0,0,0,"ivy-2.0",FALSE,"LAST"
587,2,7,1,0,3,12,0,3,1,7,0.666666667,77,1,4,0,0.428571429,0,0,9.285714286,1,0.8571,0,"ivy-2.0",FALSE,"LAST"
588,2,6,1,0,6,40,13,2,4,5,0.2,227,1,0,0,0.666666667,0,0,36.66666667,1,0.6667,0,"ivy-2.0",FALSE,"LAST"
589,2,1,1,0,5,1,0,5,1,1,2,1,0,0,0,1,0,0,0,1,1,0,"ivy-2.0",FALSE,"LAST"
590,2,4,1,0,6,14,0,3,3,4,0.333333333,74,1,0,0,0.5,0,0,17,7,2.25,0,"ivy-2.0",FALSE,"LAST"
591,2,3,3,0,7,18,0,1,6,3,0.833333333,87,0.666666667,2,0.875,0.466666667,0,0,27,1,0.6667,0,"ivy-2.0",FALSE,"LAST"
592,2,30,3,1,26,132,369,1,25,13,0.724137931,1096,1,0,0.804054054,0.171111111,1,2,35.43333333,18,2.6333,0,"ivy-2.0",FALSE,"LAST"
593,2,3,3,0,7,12,0,1,6,3,0.833333333,64,0.666666667,1,0.875,0.444444444,0,0,19.33333333,1,0.6667,0,"ivy-2.0",FALSE,"LAST"
594,2,6,1,0,11,13,0,10,2,6,0.4,44,1,1,0,0.444444444,0,0,6,1,0.8333,0,"ivy-2.0",FALSE,"LAST"
595,2,1,1,0,6,1,0,4,2,1,2,1,0,0,0,1,0,0,0,1,1,0,"ivy-2.0",FALSE,"LAST"
596,2,13,3,0,8,32,4,0,0,13,0.666666667,134,1,0,0.755102041,0.192307692,2,2,9.076923077,1,0.9231,0,"ivy-2.0",FALSE,"LAST"
597,2,13,1,0,13,14,78,11,2,12,1.055555556,24,0,1,0,0.533333333,0,0,0.615384615,1,0.9231,0,"ivy-2.0",FALSE,"LAST"
598,2,3,1,0,10,3,3,7,3,3,2,3,0,0,0,1,0,0,0,1,1,0,"ivy-2.0",FALSE,"LAST"
599,2,1,2,0,14,2,0,13,1,1,2,4,0,0,1,1,0,0,3,0,0,0,"ivy-2.0",FALSE,"LAST"
600,2,2,1,0,6,2,1,4,2,2,2,2,0,0,0,1,0,0,0,1,1,0,"ivy-2.0",FALSE,"LAST"
601,2,48,1,0,16,109,118,3,15,39,0.795744681,719,1,5,0,0.147569444,0,0,13.77083333,6,1.625,1,"ivy-2.0",TRUE,"LAST"
602,2,2,1,0,16,2,1,14,2,2,2,2,0,0,0,0.75,0,0,0,1,1,0,"ivy-2.0",FALSE,"LAST"
603,2,7,4,0,7,27,0,0,0,7,0.611111111,147,1,0,0.917808219,0.357142857,0,0,19.57142857,1,0.8571,0,"ivy-2.0",FALSE,"LAST"
604,2,13,1,0,22,30,0,15,8,11,0.416666667,267,0.333333333,0,0,0.285714286,0,0,19.30769231,7,2.3077,0,"ivy-2.0",FALSE,"LAST"
605,2,4,2,2,7,17,4,2,5,1,0.666666667,60,1,0,0.4,0.666666667,0,0,13.75,2,1.25,0,"ivy-2.0",FALSE,"LAST"
606,2,10,1,0,11,39,39,11,0,7,0.666666667,1308,1,0,0,0.174603175,0,0,129.7,7,2.8,0,"ivy-2.0",FALSE,"LAST"
607,2,7,1,0,3,8,15,3,0,6,0.5,51,1,0,0,0.535714286,0,0,5.857142857,1,0.5714,0,"ivy-2.0",FALSE,"LAST"
608,2,12,4,0,8,24,30,0,0,12,0.8,124,1,0,0.858974359,0.708333333,0,0,8.916666667,1,0.9167,1,"ivy-2.0",TRUE,"LAST"
609,2,2,1,0,5,2,1,3,2,2,2,2,0,0,0,1,0,0,0,1,1,0,"ivy-2.0",FALSE,"LAST"
610,2,2,1,1,6,4,1,3,3,2,2,8,0,0,0,0.625,0,0,3,1,0.5,0,"ivy-2.0",FALSE,"LAST"
611,2,5,2,0,4,21,0,0,4,4,0.166666667,144,1,0,0.666666667,0.533333333,1,1,27.2,5,2.4,0,"ivy-2.0",FALSE,"LAST"
612,2,4,1,0,4,7,0,1,3,4,0.333333333,31,1,2,0,0.4375,0,0,6.25,2,1,0,"ivy-2.0",FALSE,"LAST"
613,2,4,1,0,22,12,6,22,0,3,2,72,0,0,0,0.375,0,0,17,2,1.5,0,"ivy-2.0",FALSE,"LAST"
614,2,1,1,0,7,1,0,5,2,1,2,1,0,0,0,1,0,0,0,1,1,0,"ivy-2.0",FALSE,"LAST"
615,2,2,3,0,5,7,1,1,4,2,2,18,0,0,0.9375,0.625,0,0,8,1,0.5,0,"ivy-2.0",FALSE,"LAST"
616,2,3,2,0,3,6,3,1,2,3,2,15,0,0,0.8,0.833333333,2,2,4,1,0.6667,0,"ivy-2.0",FALSE,"LAST"
617,2,29,3,0,21,97,316,4,0,20,0.853571429,677,0.9,1,0.517241379,0.206896552,2,2,22,8,1.931,0,"ivy-2.0",FALSE,"LAST"
618,2,5,1,0,7,23,0,5,2,5,0.583333333,105,1,1,0,0.533333333,0,0,19.4,3,1.2,0,"ivy-2.0",FALSE,"LAST"
619,2,33,2,0,33,45,390,26,7,32,0.9296875,350,0.8125,1,0.0625,0.163194444,0,0,9.121212121,4,1.0303,0,"ivy-2.0",FALSE,"LAST"
620,2,3,2,0,4,23,3,1,3,0,1,95,0,1,0.933333333,1,2,2,30.33333333,3,1,0,"ivy-2.0",FALSE,"LAST"
621,2,3,2,3,6,11,1,3,3,2,0.5,33,1,1,0.857142857,0.666666667,0,0,9.666666667,1,0.6667,0,"ivy-2.0",FALSE,"LAST"
622,2,1,3,0,5,2,0,1,4,1,2,9,0,0,1,1,0,0,7,0,0,0,"ivy-2.0",FALSE,"LAST"
623,2,6,1,0,5,22,0,3,3,4,0.6,84,1,2,0,0.444444444,0,0,12.5,2,1,1,"ivy-2.0",TRUE,"LAST"
624,2,8,1,0,16,8,28,10,6,8,2,8,0,0,0,0.34375,0,0,0,1,1,0,"ivy-2.0",FALSE,"LAST"
625,2,15,1,0,19,66,39,2,18,6,0.827380952,451,1,3,0,0.20952381,0,0,28.26666667,6,1.9333,0,"ivy-2.0",FALSE,"LAST"
626,2,5,2,3,5,9,0,3,2,5,0.25,34,1,0,0.571428571,0.533333333,1,1,5.6,1,0.6,0,"ivy-2.0",FALSE,"LAST"
627,2,17,3,0,15,78,84,0,0,15,0.8515625,413,1,0,0.698113208,0.254901961,1,1,22.82352941,6,1.2353,0,"ivy-2.0",FALSE,"LAST"
628,2,4,1,0,2,6,0,1,1,4,0.333333333,35,1,2,0,0.5,0,0,7.25,3,1.25,0,"ivy-2.0",FALSE,"LAST"
629,2,6,4,0,6,19,3,0,0,6,0.8,94,0.5,0,0.930555556,0.444444444,1,1,14,1,0.8333,0,"ivy-2.0",FALSE,"LAST"
630,2,2,3,0,4,14,0,1,3,2,1,54,0.5,1,0.928571429,0.625,0,0,25,1,0.5,0,"ivy-2.0",FALSE,"LAST"
631,2,2,2,0,5,4,1,2,3,1,2,8,0,0,0.666666667,0.75,1,1,3,1,0.5,0,"ivy-2.0",FALSE,"LAST"
632,2,7,4,0,2,20,21,1,1,7,2,67,0,0,0.910447761,0.571428571,2,2,8.571428571,2,1,0,"ivy-2.0",FALSE,"LAST"
633,2,2,1,0,3,6,0,1,2,2,0,26,1,0,0,0.666666667,0,0,11.5,2,1,0,"ivy-2.0",FALSE,"LAST"
634,2,1,1,0,6,1,0,4,2,1,2,1,0,0,0,1,0,0,0,1,1,0,"ivy-2.0",FALSE,"LAST"
635,2,8,5,0,11,32,18,0,0,7,0.666666667,149,1,0,0.936936937,0.5,1,2,17.25,2,1,0,"ivy-2.0",FALSE,"LAST"
636,2,2,4,0,5,4,0,3,2,2,0,14,1,1,0.944444444,0.75,0,0,5.5,1,0.5,0,"ivy-2.0",FALSE,"LAST"
637,2,5,2,0,17,6,6,15,2,5,0.75,25,1,0,0.818181818,0.4,0,0,3.6,1,0.8,0,"ivy-2.0",FALSE,"LAST"
638,2,3,2,0,6,5,3,3,3,1,1,18,0,1,0.8,0.75,1,1,4.666666667,1,0.3333,0,"ivy-2.0",FALSE,"LAST"
639,2,5,1,0,13,31,8,2,11,4,0.625,140,0.5,1,0,0.342857143,0,0,26.6,1,0.8,0,"ivy-2.0",FALSE,"LAST"
640,2,15,3,0,17,69,105,3,0,7,1.071428571,583,1,0,0.735849057,0.275,1,2,37.8,1,0.9333,0,"ivy-2.0",FALSE,"LAST"
641,2,9,1,0,22,117,36,1,21,3,1.125,1209,0,0,0,0.476190476,0,0,133.2222222,16,4.6667,0,"ivy-2.0",FALSE,"LAST"
642,2,77,1,0,50,243,2706,4,49,49,0.947916667,2480,1,4,0,0.087550607,0,0,30.8961039,11,1.9481,3,"ivy-2.0",TRUE,"LAST"
643,2,13,1,0,29,148,78,0,0,1,0.972222222,1407,0.333333333,0,0,0.192307692,0,0,107,8,2.3077,1,"ivy-2.0",TRUE,"LAST"
644,2,11,1,0,12,52,37,4,0,5,0.7,360,1,1,0,0.383333333,0,0,31.36363636,8,1.8182,1,"ivy-2.0",TRUE,"LAST"
645,2,1,1,0,9,1,0,8,1,1,2,1,0,0,0,1,0,0,0,1,1,0,"ivy-2.0",FALSE,"LAST"
646,2,99,1,0,65,293,3615,31,42,73,0.876984127,2894,1,9,0,0.090505768,1,1,28.05050505,21,2.202,3,"ivy-2.0",TRUE,"LAST"
647,2,2,1,0,19,2,1,19,0,2,2,2,0,0,0,1,0,0,0,1,1,0,"ivy-2.0",FALSE,"LAST"
648,2,6,2,2,2,19,0,2,0,4,0.3,86,1,0,0.772727273,0.366666667,0,0,13,3,1.1667,0,"ivy-2.0",FALSE,"LAST"
649,2,10,2,3,5,21,0,4,1,9,0,84,1,1,0.968253968,0.5,0,0,7.3,1,0.2,0,"ivy-2.0",FALSE,"LAST"
650,2,13,2,0,11,50,46,0,0,10,0.783333333,267,1,0,0.428571429,0.323076923,0,0,19.15384615,8,1.5385,0,"ivy-2.0",FALSE,"LAST"
651,2,3,1,0,20,3,3,19,2,3,2,3,0,0,0,0.583333333,0,0,0,1,1,0,"ivy-2.0",FALSE,"LAST"
652,2,2,2,0,8,3,0,5,3,2,0,14,1,1,0.8,0.625,0,0,5.5,1,0.5,0,"ivy-2.0",FALSE,"LAST"
653,2,19,6,0,10,62,119,1,0,17,0.931623932,309,1,0,0.904255319,0.289473684,3,4,14.57894737,8,1.6316,0,"ivy-2.0",FALSE,"LAST"
654,2,3,2,2,5,10,0,2,3,2,0.5,39,1,2,0.857142857,0.466666667,0,0,11.33333333,1,0.6667,0,"ivy-2.0",FALSE,"LAST"
655,2,29,1,0,39,116,90,1,38,22,0.915584416,1109,0.818181818,5,0,0.149350649,0,0,36.86206897,14,2.069,3,"ivy-2.0",TRUE,"LAST"
656,2,14,1,0,12,41,35,5,7,11,0.153846154,230,1,0,0,0.276785714,0,0,15.35714286,3,1.1429,0,"ivy-2.0",FALSE,"LAST"
657,2,3,2,2,6,14,0,2,4,2,0.5,70,1,2,0.857142857,0.466666667,0,0,21.66666667,1,0.6667,0,"ivy-2.0",FALSE,"LAST"
658,2,14,2,0,10,23,53,5,5,14,0.701923077,164,1,1,0.421052632,0.285714286,1,9,10.14285714,1,0.7857,0,"ivy-2.0",FALSE,"LAST"
659,2,4,1,3,7,5,0,7,0,4,1,32,0.25,0,0,0.5,0,0,6,1,0.5,0,"ivy-2.0",FALSE,"LAST"
660,2,4,3,0,2,8,6,2,0,4,1.333333333,21,1,0,1,0.666666667,0,0,4,0,0,0,"ivy-2.0",FALSE,"LAST"
661,2,3,2,0,3,5,3,1,2,3,2,12,0,0,0.666666667,0.777777778,0,0,3,1,0.6667,0,"ivy-2.0",FALSE,"LAST"
662,2,3,1,0,5,3,3,4,1,3,2,3,0,0,0,0.777777778,0,0,0,1,1,0,"ivy-2.0",FALSE,"LAST"
663,2,2,2,0,4,4,1,2,2,2,2,10,0,0,0.857142857,0.666666667,0,0,4,1,0.5,0,"ivy-2.0",FALSE,"LAST"
664,2,3,1,0,11,22,3,0,11,3,2,101,0,0,0,0.416666667,0,0,32.66666667,2,1.3333,0,"ivy-2.0",FALSE,"LAST"
665,2,3,1,0,11,38,1,1,10,3,0,215,1,0,0,0.416666667,0,0,70.33333333,4,1.6667,0,"ivy-2.0",FALSE,"LAST"
666,2,4,1,0,2,8,4,0,2,4,0.666666667,24,1,1,0,0.5,0,0,4.75,1,0.75,0,"ivy-2.0",FALSE,"LAST"
667,2,33,1,0,54,277,194,9,48,20,0.75625,2591,1,4,0,0.10955711,0,0,77.36363636,19,4,1,"ivy-2.0",TRUE,"LAST"
668,2,2,3,0,3,5,0,1,2,1,0,15,1,0,1,1,0,0,6,0,0,0,"ivy-2.0",FALSE,"LAST"
669,2,1,1,0,5,1,0,4,1,1,2,1,0,0,0,1,0,0,0,1,1,0,"ivy-2.0",FALSE,"LAST"
670,2,22,2,0,20,143,0,2,20,5,0.761904762,1648,1,2,0.447368421,0.331168831,1,2,73.36363636,16,2.8636,1,"ivy-2.0",TRUE,"LAST"
671,2,5,3,0,3,15,10,1,2,4,2,50,0,0,0.785714286,0.5,0,0,9,1,0.6,0,"ivy-2.0",FALSE,"LAST"
672,2,3,1,0,9,3,3,4,5,3,2,3,0,0,0,0.619047619,0,0,0,1,1,0,"ivy-2.0",FALSE,"LAST"
673,2,4,1,2,10,10,6,2,8,4,2,27,0,0,0,0.375,0,0,5.75,1,0.75,0,"ivy-2.0",FALSE,"LAST"
674,2,13,1,0,19,77,0,4,15,12,0.25,1090,1,1,0,0.253846154,0,0,82.76923077,14,2.8462,0,"ivy-2.0",FALSE,"LAST"
675,2,5,1,0,16,65,10,1,16,4,2,598,0,0,0,0.3,0,0,118.6,2,1,0,"ivy-2.0",FALSE,"LAST"
676,2,10,2,1,6,30,27,3,4,0,0.733333333,290,1,1,0.363636364,0.36,0,0,27.5,4,1.4,0,"ivy-2.0",FALSE,"LAST"
677,2,12,1,0,3,21,0,1,0,11,0.303030303,222,1,1,0,0.316666667,0,0,17,2,1,0,"ivy-2.0",FALSE,"LAST"
678,2,11,1,0,11,44,49,8,3,8,0.95,279,0.5,0,0,0.233333333,0,0,23.63636364,8,1.5455,1,"ivy-2.0",TRUE,"LAST"
679,2,13,4,0,4,35,68,0,0,12,0.833333333,194,1,0,0.848101266,0.487179487,0,0,13.53846154,3,1.0769,0,"ivy-2.0",FALSE,"LAST"
680,2,4,1,0,24,104,0,2,22,3,0.333333333,763,1,2,0,0.375,0,0,189.25,1,0.75,0,"ivy-2.0",FALSE,"LAST"
681,2,2,1,0,2,8,1,2,0,1,2,49,0,0,0,0.5,0,0,23.5,4,2,0,"ivy-2.0",FALSE,"LAST"
682,2,11,1,0,7,20,37,7,0,10,0.625,132,1,0,0,0.393939394,1,1,10.63636364,3,1.4545,0,"ivy-2.0",FALSE,"LAST"
683,2,10,1,0,2,16,23,1,0,9,0.5,88,1,1,0,0.433333333,0,0,7.2,2,1,0,"ivy-2.0",FALSE,"LAST"
684,2,37,4,0,16,108,516,0,0,29,0.916666667,1130,0.928571429,0,0.650485437,0.16953317,2,3,29.16216216,5,1.6486,0,"ivy-2.0",FALSE,"LAST"
685,2,9,2,2,7,28,10,2,5,8,0.583333333,124,1,2,0.466666667,0.259259259,1,1,12.44444444,2,1,0,"ivy-2.0",FALSE,"LAST"
686,2,21,2,0,30,108,190,1,0,7,0.794444444,766,0.888888889,1,0.366666667,0.292857143,1,3,35.04761905,10,1.9524,0,"ivy-2.0",FALSE,"LAST"
687,2,74,1,0,84,163,2213,44,46,70,0.901946647,1119,0.894736842,12,0,0.055222603,0,0,13.86486486,11,1.2297,0,"ivy-2.0",FALSE,"LAST"
688,2,7,2,0,12,24,0,2,0,6,0.541666667,122,1,0,0.76,0.333333333,1,8,15.85714286,3,1.1429,0,"ivy-2.0",FALSE,"LAST"
689,2,19,1,1,32,29,107,29,3,19,0.895833333,186,0.875,3,0,0.195488722,0,0,8.368421053,5,1.2105,1,"ivy-2.0",TRUE,"LAST"
690,2,2,1,0,12,2,1,11,1,2,2,2,0,0,0,0.75,0,0,0,1,1,0,"ivy-2.0",FALSE,"LAST"
691,2,29,1,0,24,91,312,10,16,27,0.821428571,699,1,3,0,0.116710875,0,0,22.75862069,6,1.8276,0,"ivy-2.0",FALSE,"LAST"
692,2,65,1,3,41,131,2010,5,37,39,0.911057692,810,1,5,0,0.077591973,0,0,11.26153846,5,1.4,2,"ivy-2.0",TRUE,"LAST"
693,2,6,2,0,5,15,15,1,4,6,2,53,0,0,0.615384615,0.541666667,2,2,7.833333333,2,1.3333,0,"ivy-2.0",FALSE,"LAST"
694,2,4,1,0,5,9,0,4,1,4,0.333333333,34,1,1,0,0.5,0,0,7,1,0.75,0,"ivy-2.0",FALSE,"LAST"
695,2,3,2,0,10,5,3,7,3,1,1,18,0,1,0.8,0.75,1,1,4.666666667,1,0.3333,0,"ivy-2.0",FALSE,"LAST"
696,2,21,3,0,4,54,0,0,0,19,0.858333333,233,0.5,1,0.660714286,0.375,1,1,9.80952381,2,1,0,"ivy-2.0",FALSE,"LAST"
697,2,1,1,0,10,1,0,8,2,1,2,1,0,0,0,1,0,0,0,1,1,0,"ivy-2.0",FALSE,"LAST"
698,2,55,1,0,31,123,1255,17,15,41,0.87037037,1167,1,6,0,0.108932462,0,0,19.94545455,9,1.7091,1,"ivy-2.0",TRUE,"LAST"
699,2,7,1,5,9,8,13,5,4,7,0.75,30,1,1,0,0.314285714,0,0,3,1,0.8571,0,"ivy-2.0",FALSE,"LAST"
700,2,3,1,0,15,3,3,14,1,3,2,3,0,0,0,0.666666667,0,0,0,1,1,0,"ivy-2.0",FALSE,"LAST"
701,2,8,1,0,18,17,20,17,1,8,0.464285714,141,1,1,0,0.34375,1,1,16.125,6,1.625,0,"ivy-2.0",FALSE,"LAST"
702,2,10,1,0,15,10,45,12,3,10,2,10,0,0,0,0.366666667,0,0,0,1,1,0,"ivy-2.0",FALSE,"LAST"
703,2,45,4,0,13,113,814,1,0,45,0.943722944,636,1,0,0.603603604,0.306666667,3,5,12.66666667,2,1,0,"ivy-2.0",FALSE,"LAST"
704,2,7,1,0,10,44,19,4,7,4,0.916666667,348,0.5,0,0,0.354166667,0,0,48.42857143,1,0.7143,1,"ivy-2.0",TRUE,"LAST"
